"","y","v","r","alp"
"1",0.847912216261291,2.83799022539365,0.694505649698505,0
"2",0.603793669378472,2.77520888410254,0.773206324631449,0.237781275176201
"3",0.587584433193008,3.09620044074939,0.798472754337468,0.330967698940439
"4",0.673297739724842,3.47786935590891,0.68402109354239,-0.0277141254732516
"5",1.04633867394282,4.98855481981439,0.734020766593412,0.111677529574897
"6",1.0570235540281,2.15751237044536,0.593515928539554,-0.245112753258444
"7",0.578923076024145,2.68992135411497,0.639053517644101,-0.139816305931112
"8",2.36171915350532,1.93682937385921,0.410169470128756,-0.63734242032843
"9",-2.57561734322349,2.42713682492666,0.361736473109629,-0.743129525296848
"10",1.29092932822819,1.51712500138459,0.475373281627933,-0.49921414377942
"11",-3.08735962519505,1.99100405868135,0.299334982087015,-0.888215828325897
"12",2.18900519008691,2.46986441005601,0.251931163178902,-1.00958091488993
"13",-1.67744205121167,0.861918775038944,0.115997296802061,-1.48633487809685
"14",0.165368034390975,1.34507140624319,0.0940491531690393,-1.60419770045535
"15",1.23766572297952,1.44414748496277,0.0474321395194906,-1.97297191559216
"16",-1.9561571671007,0.939088414041042,0.0518470656796086,-1.92602100934644
"17",-1.4302260968063,1.09466739399676,0.101781488614005,-1.5601550171326
"18",-1.47754371248349,1.23095937575299,0.0977023672654969,-1.58300500566144
"19",-0.0920362345014487,1.17748962640622,0.0864279614419512,-1.65088303454627
"20",-1.45446524351548,1.57197514606969,0.0708022175743717,-1.75955977947065
"21",0.608571969442421,1.16007536523941,0.0363170022344058,-2.11259883449451
"22",-0.967207904822946,1.07586439887096,0.0512638367241796,-1.93200197347745
"23",-1.52450977431705,1.38057677319594,0.0710509592836231,-1.75766478293363
"24",0.365995114056999,0.614089739170639,0.058517856229647,-1.86177673266134
"25",-0.431649715897554,0.90417053039703,0.0469165175434431,-1.97872259969262
"26",1.9559555140839,1.37960346084844,0.0713038040387152,-1.75574476737605
"27",3.1390162120078,1.0428008100679,0.0950634339216686,-1.59824144010043
"28",-2.35331796753934,0.917197325745162,0.123350982514979,-1.45117319612079
"29",1.54338536156674,2.15428728470299,0.234867045950594,-1.05672444149941
"30",1.67757059050871,3.86089383278409,0.292848099403804,-0.904130576294117
"31",0.311298826319926,1.7039709135748,0.35915773533768,-0.748893709963657
"32",-0.519494533569668,1.75408457859596,0.369358230316321,-0.72618350215244
"33",2.99334837667776,1.65907763067086,0.411453104787907,-0.634589762851435
"34",0.360940906180383,1.7432708220696,0.365297254361307,-0.735196086662673
"35",1.12975917822738,2.967708721668,0.406247604415582,-0.645765575631152
"36",2.36580742583256,3.21361279794008,0.307017688524821,-0.869605925608646
"37",-2.95879643139341,1.99820790390535,0.367382987498332,-0.730562589255031
"38",-2.75332655599408,2.29881362627289,0.403464171720821,-0.651756087487706
"39",2.32637594947901,2.61951243038866,0.60006515294164,-0.230354374168198
"40",1.76862890669879,2.1187129410137,0.655377543106107,-0.100241629139796
"41",-0.502583219591275,2.49324874517823,0.736803067554299,0.120052172122467
"42",-0.0409280503261487,2.94030863036006,0.59192553374942,-0.248680065835142
"43",-0.712686048291709,1.48001697461587,0.593694052860908,-0.244712819852476
"44",-3.0019314765069,1.85108061115328,0.563023229183735,-0.312521890278888
"45",-2.72473047936699,2.28206097621787,0.607452569833212,-0.213568016267588
"46",2.99955206073182,3.24517987527122,0.642446551377374,-0.131682632004921
"47",-2.74925253102601,3.25982541069477,0.698681664286115,0.0112374086336669
"48",-2.86459346746184,3.32459976844155,0.810588872396315,0.380166833177559
"49",-2.7197317014564,3.25749815905987,0.719733184077858,0.0698209299350263
"50",-2.54999092885475,2.12867631197379,0.601342906460653,-0.227461783764595
"51",-2.04712473409357,2.91073356463383,0.6358178427798,-0.147530412323529
"52",-1.98625384803969,2.90211774616645,0.742450087074582,0.137291895329307
"53",-1.86883542749117,3.47078464810298,0.716598607608672,0.0608780881475051
"54",-1.83169826750511,2.75946664398902,0.73409070801069,0.111887113193137
"55",-1.84520428855367,3.84429967367319,0.784832731144088,0.27925595134397
"56",0.212511372637385,3.3693662155079,0.799290088215894,0.334183534439202
"57",0.180400797708765,3.57981749885062,0.851152230431902,0.576505005594998
"58",0.123943065903334,3.62017612507529,0.826322592246897,0.449654309738763
"59",0.0175865428358142,3.62879463911498,0.810732229013127,0.380769667896361
"60",-0.235090440871922,3.31461475795211,0.70434631583666,0.0266737024962533
"61",-0.0853621154918884,2.63362129132541,0.64357181740478,-0.128974894109231
"62",-1.01892209988675,2.38066950293916,0.602615142788506,-0.224577254237503
"63",-2.06877648489018,2.52828677709185,0.785890478666333,0.283141712327411
"64",-2.47102405922481,3.99277951962714,0.792385041788257,0.307446176059094
"65",0.613767806807045,4.62362949334402,0.830525118017121,0.469476008190781
"66",0.46032917885516,4.3112202280448,0.730995203326109,0.102656632866857
"67",0.307027275226963,2.28447696380006,0.662936369301099,-0.0815124446313346
"68",0.300558936126105,4.45512704618315,0.765407129487573,0.211127593811285
"69",0.83685463179447,3.68830617585037,0.823052457902456,0.434622995862426
"70",0.890027063599684,3.47287930849136,0.779017647985419,0.258236676848654
"71",-0.178422909058907,3.35061769432458,0.826170730230769,0.44894884359498
"72",-0.147247582047116,4.86309116586477,0.846201555355952,0.549153294936911
"73",-0.45881346552533,3.98887006584028,0.889242033071761,0.841735617579983
"74",-0.116954059628883,3.72481431080589,0.888604946936779,0.836161747347588
"75",-0.418295437489684,7.02671635952738,0.911029612505877,1.07588666976495
"76",-0.560244243941528,6.10557376173905,0.933243138308639,1.50992896884867
"77",-0.49044687022361,5.32802998229968,0.936289606766958,1.61188533109543
"78",0.211216843743632,6.16912610132007,0.932715038129885,1.49413143070337
"79",0.124866072121676,4.46776601254149,0.939040657550155,1.72533324638918
"80",-0.138470822585569,5.55621955908922,0.93319347917726,1.50842279860871
"81",-0.359572788118488,5.83388649828244,0.934370927289724,1.54537034135008
"82",-0.275389279891751,5.75472224411554,0.935989291563863,1.60089105512123
"83",-0.268992315101062,8.96827225443048,0.937556933560854,1.66105696493662
"84",-0.280863915795168,9.08624093585606,0.938512255905854,1.70150758942377
"85",-0.251832072445219,5.28893982944046,0.939049663356801,1.7257490839862
"86",-0.270533094069263,7.70403407627339,0.941578245356717,1.85836962764239
"87",-0.117999251691042,6.45243740281608,0.940567285607512,1.80114964341819
"88",-0.083263601931804,8.70876738295611,0.940047004234367,1.77402814534547
"89",-0.353196566043245,8.1542485281894,0.928656420156263,1.3864939237409
"90",-0.500950728825767,5.6965072030648,0.918657072618212,1.18896213009588
"91",-0.367124485351275,5.55642908297347,0.92869302534582,1.38737189047937
"92",-0.26695493688751,6.20648181091133,0.914247060429302,1.12073417511491
"93",-0.216861415136973,3.76104750993817,0.922752683242435,1.26120310056652
"94",-0.165665153052875,3.92094129489675,0.915820719421205,1.14410049745648
"95",-0.108778363466893,5.31203995203836,0.927610746974681,1.3620155615117
"96",-0.0756911254106192,3.2676269423871,0.923657875514601,1.27858619458911
"97",-0.0635258892625603,6.40356723836209,0.91150813276429,1.08232676906344
"98",0.902902420664272,3.51595873943799,0.903692296462688,0.985590296041624
"99",0.876039951700331,4.55908078281172,0.891328769063079,0.860381922426841
"100",0.886440302996708,2.9774396899782,0.847115621119845,0.554115684699913
"101",0.610500069138369,4.48097950907905,0.817142601930013,0.408268632474018
"102",0.71964610341737,2.2771429093958,0.759509140512005,0.191534072572655
"103",0.593177167547128,3.06789915786817,0.796140864355786,0.321869327625482
"104",0.322199555579054,3.65795619272608,0.690501336301199,-0.0106668224781241
"105",1.70727618955757,3.090288019095,0.623397150324583,-0.176780554817624
"106",1.77784258273681,2.38249950618552,0.694901753463181,0.00106086107764414
"107",1.86989072100267,2.84712818628525,0.755115041779086,0.17723034211503
"108",2.11423210721359,3.37677719968451,0.724144275323151,0.0825471194049701
"109",2.36958045540581,3.83007847516239,0.682034011992049,-0.0328902672414626
"110",1.05572878228995,2.14235209236058,0.628673532221374,-0.16442277229782
"111",0.963276331502851,2.14731601379181,0.580785861776672,-0.273497337782456
"112",0.900946319253368,2.96793381255447,0.65511163130093,-0.100895611476888
"113",1.28671656010949,1.87952181839241,0.386439406947039,-0.688649887763493
"114",-2.71140079407495,2.30041943865721,0.474137835350256,-0.501815085466431
"115",1.82125331915108,2.27857592753926,0.426314674216447,-0.602856617582846
"116",1.1876426729187,3.5965895911073,0.448239747518884,-0.556397090464079
"117",3.11640432028032,2.21902823935657,0.386155323998344,-0.689269567052426
"118",0.936840285603998,2.54793094254679,0.357548770509681,-0.752498391344603
"119",-0.935630828322391,1.52803304187969,0.306120293181543,-0.871766889163471
"120",-1.25471542461946,1.59412203085026,0.260590924080355,-0.986441490939787
"121",-2.37925010252828,1.74136823013647,0.163035355499815,-1.28710812040947
"122",-2.7549210577029,1.80658539127824,0.272216415470017,-0.956115322539612
"123",-2.38783513633512,2.03593967304651,0.191343379010638,-1.18873982772533
"124",-1.72149883565644,1.77117535385809,0.393292925328404,-0.673742256020134
"125",2.47279222686466,3.12858504608433,0.47812637457883,-0.493418063735762
"126",2.54553274306199,3.20542421185694,0.474296091208277,-0.501481914330527
"127",1.46748051113933,1.83521583170694,0.378005370256342,-0.70711060011483
"128",0.792108134140377,1.55356504169239,0.31292187384445,-0.855469370012317
"129",1.32685387395543,1.19257919412558,0.186340139533457,-1.20527438519257
"130",0.736087188711709,1.82572505258313,0.286571102125537,-0.919717502749229
"131",0.0412669470025557,2.1248538753123,0.252340750185156,-1.0084752226865
"132",2.07068948727155,2.35265043391683,0.330998254484225,-0.812997495337631
"133",-2.85425379947031,2.06197411733016,0.518937224946575,-0.40723540364178
"134",2.79138625552762,2.21987250477159,0.373418352905347,-0.717208787239934
"135",1.64584954092538,2.65206244860627,0.311554470507835,-0.858731086792671
"136",-0.557926656936155,3.90261783760244,0.615465337988973,-0.195180934360589
"137",-0.421988515664071,2.90632946952638,0.711316880806414,0.0459906013513544
"138",-0.418603927413813,3.58506008651599,0.739553506258041,0.128407599931601
"139",-0.373346278868234,2.82609217171193,0.703968106291943,0.0256359374104263
"140",-0.628766846937272,4.68670958165535,0.851906964465846,0.580780476857542
"141",-1.8714692096102,5.59463096355703,0.922925085770864,1.2644702211903
"142",-1.81087067355222,4.25873279417497,0.896326148307057,0.907689200858075
"143",-2.38017144102002,4.38540318906048,0.892273092981076,0.869024426402365
"144",-1.61302322162313,3.71780986865203,0.896769108695364,0.912079766784488
"145",-1.70247905588627,6.11621046820408,0.909286256607362,1.05304712370912
"146",-1.66674994869983,4.69081191919961,0.887422206516873,0.825955192198978
"147",1.82884365497618,4.42509013857308,0.863586374773148,0.650974279255896
"148",3.09718059217488,4.72084831972112,0.862786060394507,0.645901291071214
"149",2.92365584590983,6.22965532672921,0.907306674970479,1.02821896379399
"150",2.82293694244894,5.50424267862825,0.901531249316411,0.961587715625974
"151",2.92092291890674,2.88093612833745,0.912943058671755,1.10210891344202
"152",2.92679408168138,6.91689685416706,0.933707110818354,1.52421701854909
"153",2.89030177013298,6.26763101887762,0.94091924086958,1.82034975972211
"154",3.12802232412539,4.60275670501557,0.931304424114964,1.45414964890322
"155",3.12964985267277,4.65467324210267,0.93693112491049,1.63618815888584
"156",-2.97447397585464,6.64708071680454,0.941178957297763,1.8349966080258
"157",-2.8947641442602,6.85425175818024,0.941421972455649,1.8490937358751
"158",-1.97552100325934,7.87235527091307,0.939823696706206,1.76281524500463
"159",-2.05784701953122,5.70792889377249,0.932987442792123,1.50222000556506
"160",-2.15991004773459,7.27079736908451,0.936119701156924,1.60563643441221
"161",-2.14193108882736,4.88313060898837,0.931867050059623,1.46972971619156
"162",-2.18020283687357,4.3652412150135,0.916203526762351,1.14994103790922
"163",-2.22641912685898,4.36699156116989,0.913156090023554,1.10510824505567
"164",-2.24509182785193,4.38794235655557,0.900100020783276,0.946242652547064
"165",-2.16104734658194,5.95939834558522,0.933496696246103,1.51768841774929
"166",-2.141033780228,8.62799704605156,0.933674285369698,1.52319309856311
"167",-2.21500501283246,6.49664334598862,0.926693635362517,1.34144826841258
"168",-2.20746918679792,6.45970964336043,0.92554037784317,1.31667703822607
"169",-2.54481085296951,5.54164235978351,0.928165702638886,1.37486413439104
"170",-2.59423535594988,6.26530408307775,0.909047499630859,1.04999224006056
"171",-2.50707973946576,4.34208287333516,0.912439389483819,1.09508287606736
"172",-2.56086816072369,4.28061889333834,0.906308025352882,1.01610739668867
"173",-3.11705340240291,8.0987549871838,0.916763685317358,1.15860332051797
"174",-3.07514955499661,6.93500947510963,0.929435264619547,1.40549971261406
"175",-3.06324021540481,5.15201357934623,0.910970182062391,1.07509212461229
"176",-2.80182907094708,4.05111462362206,0.896950483191705,0.913887450531844
"177",-2.52415822109307,4.66643902227613,0.895465462389767,0.899254717110389
"178",-1.53058898598633,4.92937337847032,0.919382725131108,1.20106905302233
"179",-1.44620195805933,5.1453501636594,0.904091194699455,0.990136649557577
"180",-1.29689133675263,3.00742419489919,0.861082876589847,0.635243008868885
"181",-1.24216972590361,3.80893937200928,0.814581217620316,0.397151034593377
"182",-1.38131713493458,4.41843551671993,0.85568061133204,0.602605207086477
"183",-1.36033540793286,5.69345060806323,0.90534352887006,1.00465761732129
"184",-1.36390549273265,9.24744291418636,0.90969566676986,1.05832556198078
"185",-1.4897889556213,4.97548492613384,0.90486060291865,0.999012743625004
"186",-0.12489154591419,4.34712651727016,0.899722159387504,0.942260784158532
"187",-0.267615791111884,6.66582549826323,0.902303964107885,0.970051581436963
"188",-0.336039680784393,5.00313541905955,0.885583506091263,0.810438519874721
"189",-0.243568883541662,5.34683598992629,0.880296798932512,0.768006439524258
"190",-0.0972874184457666,2.56327516844362,0.842356756195241,0.52869058218237
"191",-0.550677233688578,3.82524845359027,0.858034148659761,0.616613285969386
"192",-0.0334747314083561,3.41694023392262,0.805515133046533,0.359153607242238
"193",0.377082039140502,2.53149142165796,0.793263398419018,0.310794310678001
"194",1.07538597887395,2.81432427968992,0.767321855649295,0.217590256136922
"195",1.03383809015761,2.78707182998189,0.752100979851774,0.167556847651671
"196",0.895395851528393,1.20347827235381,0.694540288619481,9.27298360184348e-05
"197",2.04374852397515,3.26267765335728,0.777576417088848,0.253113892083009
"198",-3.05865532188845,4.56112911611452,0.872255528750403,0.708827489669325
"199",-2.92532295078001,4.78434289317752,0.869420333807117,0.689290184701984
"200",-2.96652910914762,3.21925587275823,0.86037490817357,0.630866455254104
"201",2.6280193570177,5.68805215319243,0.864286851754177,0.655449241220272
"202",2.28499757493219,5.04530121764802,0.904804418989532,0.998359745963471
"203",2.26762099448787,3.76790647134587,0.878339138515681,0.753044023983497
"204",2.12900300819519,3.12421447849807,0.852561343223091,0.584511072346253
"205",2.47570611537124,4.89084592524303,0.852875371757966,0.586309224983418
"206",2.46447738524956,3.67160649678732,0.883506222795968,0.793394983838304
"207",2.21336443066706,1.72296108858327,0.70080160374518,0.0169877383753522
"208",1.99955848963713,3.55809784163827,0.728430255418493,0.095077234964626
"209",1.66445947395522,3.27786101516293,0.718397611055648,0.0660005655052511
"210",-1.22347469785493,3.37156388192382,0.736839627755033,0.120162731674311
"211",-0.375447333517023,2.54095495771118,0.670879857420691,-0.0615261183995013
"212",-0.646082924015673,3.11661242478678,0.633069147053949,-0.154051983672779
"213",-0.547252192827593,3.66243070351131,0.519999624436693,-0.404978996376092
"214",-0.492913620745099,1.83828245981455,0.443875073714112,-0.565620185687733
"215",1.39748243530136,2.0958314417983,0.415158411609729,-0.626655222232801
"216",0.0788541400885907,2.09325661670423,0.581918951758297,-0.27098598691004
"217",0.343817388620001,3.61722690585189,0.730300711741902,0.100598321718388
"218",1.171912688696,3.69357934671669,0.81509539978379,0.399368648886015
"219",0.929721751099891,3.66459438414144,0.816875790767556,0.407102228004903
"220",0.829540708488778,3.55167902781062,0.802149075371302,0.345544984999959
"221",0.810134405281212,3.35124003320392,0.569450665049179,-0.298471838256176
"222",0.587659059570068,2.8905261000274,0.734986853358473,0.114576719518809
"223",0.603753641013987,4.72023566107926,0.870093599774211,0.693872419646916
"224",0.683785450637241,5.23887495941063,0.901200900698033,0.958008176119359
"225",0.816865825329019,5.28014791035462,0.912884785483913,1.10129134948741
"226",0.981391236461353,4.62799572285445,0.879926964710105,0.765150424984952
"227",0.984786394294733,4.97291075134668,0.884915660189462,0.804904188437561
"228",1.10057410737489,6.07072420904029,0.922191513571221,1.25070583801127
"229",1.71369497816016,4.78971805077055,0.907159638766419,1.02641888219372
"230",1.74864487812378,6.61011912978827,0.865671047903203,0.664389868402999
"231",2.054589756356,6.31220345382654,0.902457609051344,0.971749982223725
"232",2.07457775382775,5.43637247571618,0.890139499816746,0.849680666768198
"233",2.03540609172508,4.97886784189062,0.874387134048864,0.723948384737858
"234",0.339250427553456,4.11332105813445,0.851678339046917,0.579482280380307
"235",0.418762583805346,4.05586156598629,0.863580293167143,0.650935570418174
"236",0.231654120912545,3.94548569558406,0.842743556823561,0.530720038212816
"237",-0.909624021605931,5.28414459075471,0.86511821064288,0.660803291096172
"238",-0.0379704147173254,3.82227932583353,0.809323337089043,0.374867213018003
"239",-0.115959079303959,3.53737706397087,0.727695201566357,0.0929164376126523
"240",2.78071483575158,2.29004409525935,0.612286999977569,-0.202497647811935
"241",-2.76662610078493,2.78872485854321,0.65604408258742,-0.0986009147851915
"242",-2.40697585846874,2.81308046057097,0.699023909722446,0.0121636352621035
"243",-2.29551444619066,3.8464417467616,0.791676915460557,0.304757794757407
"244",-2.30633511872082,3.13059155989451,0.838291727269525,0.507737698878219
"245",-2.33469331462779,3.570838149432,0.820158915885156,0.421593424274296
"246",-2.44122930702236,2.40479708882216,0.620960298680796,-0.182455633784413
"247",-1.8925654406729,3.20453671942392,0.4913153961443,-0.465638280029135
"248",-1.60219438893593,3.09066755565037,0.592609592438017,-0.247146470408932
"249",-1.48331178195816,2.48858565659852,0.613386067276398,-0.199971067965107
"250",2.99585991736209,2.66625755110473,0.562365474021305,-0.313955502090761
"251",-3.08084465996917,2.20973046119258,0.399267812189635,-0.660808121618455
"252",-2.03716411549097,2.00637756878322,0.409241310582971,-0.639334075206501
"253",0.798147035101985,3.07810658730344,0.391041099831106,-0.678631638742594
"254",1.28062803989247,2.84917293581442,0.492595492925817,-0.462939899569758
"255",1.13736088238887,1.83133331833889,0.532880693357581,-0.377537364339312
"256",1.98240284639573,2.17407241403547,0.584235221410116,-0.265843383610968
"257",1.53023549085041,2.08864736161927,0.596721708770125,-0.237902625758816
"258",3.0182597283927,3.09137900896466,0.648295598186527,-0.117550486857004
"259",-2.49443848879264,2.84942277957781,0.72416631449323,0.0826111293158848
"260",-2.45122085317608,1.65374720307669,0.776152528841862,0.248085373209887
"261",0.747351975375289,2.57950013502889,0.676719226987056,-0.0466216417713964
"262",0.787695847402353,2.53717440641538,0.75693043301934,0.183110388161128
"263",0.958342031706601,2.74190067365218,0.762211644852705,0.200454354045387
"264",1.3139631065118,3.55994708264142,0.814550821675829,0.397020160006937
"265",1.45497580192514,4.24342346830132,0.774206101725357,0.24126292156435
"266",2.30686665244991,3.21073867306269,0.560240379920428,-0.318582124420236
"267",2.26122381903697,3.08161742571361,0.651189089828317,-0.110505452642672
"268",2.19468896622186,3.66219387881708,0.629424584809913,-0.162655754455112
"269",1.89070062681306,2.3311425371312,0.561992218936579,-0.314768694610046
"270",-0.753943939831354,2.20543856050882,0.652403344466273,-0.107538033815844
"271",-0.811006420026983,3.19125539383826,0.465449127596826,-0.520109810190068
"272",1.90894753379569,3.31519144597735,0.569327086596503,-0.298742698902429
"273",1.98108168800418,3.39761294517419,0.690342798217524,-0.0110870115865863
"274",1.94829019639265,3.01863167368271,0.704686502219712,0.0276080254291065
"275",0.726964178484571,3.19585640770192,0.684014382936391,-0.0277316455220528
"276",-0.226203855761411,2.04143765540195,0.644671442298373,-0.126323819971137
"277",0.666149551871269,2.05824601590425,0.741170940911598,0.133357634988198
"278",1.06095137642624,2.59712732421302,0.679149972471386,-0.0403616440035935
"279",-0.625152247003247,3.15469510546902,0.75246896974916,0.168732036182525
"280",-0.906359076647868,3.57614765884393,0.839739469344219,0.515122831134398
"281",-0.877379203462684,4.13255855560876,0.893414315532876,0.879647201917443
"282",-0.865651529037971,7.79302723183068,0.881896655258361,0.780524275567305
"283",-0.799482497906514,4.54134911887521,0.900246477919376,0.947793666748017
"284",-0.775000040125306,4.49695684700095,0.904904402854227,0.999522344217167
"285",-0.897562715546977,3.67541467372506,0.902207102517487,0.968983528580257
"286",-0.937032608129289,5.48206391616046,0.902598630425839,0.973313423886465
"287",-0.904420243521972,5.85785305739655,0.879206475094191,0.759626113717218
"288",0.715118682100671,4.08085079893928,0.873296067263984,0.71616082739126
"289",0.877068476736812,5.33584198005741,0.914735039410121,1.12787229790406
"290",0.986466482562868,5.45857429089135,0.927341759036007,1.35589927224842
"291",0.934020961584979,7.46981189510605,0.927628852255329,1.3624298137973
"292",1.25000792247596,4.6015983760992,0.893699198745467,0.882330242454685
"293",1.26515610856728,4.35989225463786,0.850158188933489,0.570917696325737
"294",1.37079779134455,3.84769385605051,0.88101548196696,0.77359654793408
"295",1.67655947419737,3.66516284146772,0.878072251845483,0.751033382162036
"296",1.69749819579631,3.2059743392639,0.868035827815019,0.679975381440797
"297",1.80837550730996,8.30904091625195,0.921815822627231,1.24379235532953
"298",2.00779586973993,4.37284016356968,0.904402396395211,0.993709613747335
"299",1.90628851048812,4.11944714406622,0.848060604974464,0.559286815543652
"300",1.76074242797815,4.00722362071191,0.858672588550064,0.620468358828598
"301",1.72149533050472,3.04123962697478,0.814383583664499,0.396300527705258
"302",1.69799292982111,3.34615877699283,0.855601133175303,0.602137616262725
"303",1.62685253586387,2.3276770793503,0.835132020008217,0.49190317565622
"304",2.13228558424195,1.98106707410516,0.704663568406957,0.0275450111109579
"305",1.81390318569709,2.5614059050569,0.56429846614936,-0.30974026758974
"306",-0.637279489705869,4.16750156635383,0.728628166856488,0.0956598760476421
"307",-0.580866580247468,2.58742084182542,0.678373645756268,-0.0423645940995028
"308",-0.543924842710105,2.74321519603349,0.712223021578709,0.048528963012429
"309",-0.364781417238798,2.332560013621,0.694863097176224,0.000957284384488194
"310",-0.428576385412432,2.59042955205745,0.635500946596623,-0.148283743065452
"311",-0.248338229084048,2.01579077504889,0.605432321737624,-0.218173870263703
"312",0.227970987655261,2.34135170015576,0.645301595003946,-0.124802327322268
"313",0.423851179034334,4.01830122052769,0.802013501976509,0.345002201537774
"314",1.18242845398841,5.48212020846759,0.74127428804238,0.13367485452366
"315",1.31084347028071,2.68502908738143,0.814648235043467,0.397439675352625
"316",1.49880297259986,5.26912015148039,0.867235538832196,0.674655927333809
"317",1.54068335480017,5.35448243812985,0.852997441043665,0.587009594194908
"318",1.3509775510777,5.46570753374564,0.846198688723216,0.549137792651119
"319",1.27671199252195,3.40574096755789,0.869428077815117,0.689342692412327
"320",1.62514578006206,4.60778251854877,0.824598688894828,0.441688873376966
"321",2.90863826329295,6.67456962770238,0.880261514841306,0.76773335976887
"322",-0.80640126070647,3.4582380054365,0.887902104806969,0.830074700023773
"323",-0.50490366074982,4.66466611359531,0.895816098537716,0.902675650703027
"324",-0.349586811293899,3.60501532501733,0.904368650491623,0.9933210534772
"325",-0.30671513239639,5.0921469783177,0.911475224560574,1.08188143028171
"326",-0.35645845496544,9.37702265810476,0.930836333887717,1.44153368478389
"327",-0.298482256618354,6.92887104137983,0.930233103896606,1.42571328978431
"328",-0.285473899819507,5.78514188087889,0.906094922812369,1.01355705250018
"329",-0.286346989810067,4.9395707089146,0.928582791346074,1.38473240100134
"330",-0.295622370269751,5.88571519152615,0.934707876706247,1.55644808535448
"331",-0.457144091669209,9.18403382603019,0.936548311822247,1.62154824747236
"332",-0.631873096005013,4.63420244062031,0.938729790422307,1.71118237536029
"333",-0.631073617126366,5.37997164782081,0.936320988569188,1.61304785422006
"334",-0.716086008885143,6.60701216161259,0.937200583076878,1.64674885588715
"335",-0.718461154402345,6.55615461543244,0.937531263422979,1.66001283368991
"336",-0.388182728820213,4.82166653586387,0.921590766919995,1.23969353528836
"337",-0.351943780053966,5.23588383014036,0.919250601862797,1.19884417681325
"338",-0.283306083441254,3.81436599059074,0.903300300704174,0.981158665729152
"339",-0.323774969132781,4.99804473154528,0.894799971679498,0.892818365815194
"340",-0.323867432869981,4.4297358311632,0.905707222228253,1.0089472328834
"341",-0.587958867075397,7.56144785300669,0.917893351411679,1.176509039559
"342",-0.487999725730219,4.6693361676938,0.891627012803729,0.863097331617167
"343",-0.524689453684657,4.02865568175761,0.896950901227691,0.913891623633718
"344",1.45406158930737,5.62815038175401,0.906761273581313,1.02157133623985
"345",1.58195418877606,3.984628953152,0.885395128567701,0.808872100606125
"346",1.40706915252376,5.67616755376672,0.884522547992359,0.801671083208711
"347",1.57186814689193,5.03117925382061,0.888180810932677,0.832480759602644
"348",1.23870027523849,2.24434510293197,0.892699010548331,0.872965789157359
"349",1.5081752874744,6.59451722913064,0.882280362309806,0.783566834730335
"350",1.34553215744377,3.95357525572877,0.877503105373121,0.746768383004967
"351",0.162631520312751,4.62876837291319,0.873983383693334,0.721054705839606
"352",0.30141771877785,4.63582729332894,0.785374697286352,0.281244463207824
"353",0.463820137341879,3.44145624982469,0.728269923899524,0.0946054926934139
"354",-2.39535100962998,2.6125020088006,0.772876549419024,0.236636191126744
"355",-2.12075706709579,5.12160094747453,0.880079423807382,0.766326092835861
"356",-2.23490827662615,3.74655025228829,0.837260296660858,0.502526679256031
"357",-1.99340211196501,3.62485372487405,0.73895437521247,0.126580919585778
"358",-2.56119772544567,4.93203011689665,0.840051605965368,0.516726107526813
"359",-2.72571232415048,2.61393210807158,0.868802073098326,0.685112809632782
"360",-2.321788406618,4.54229918710874,0.888672477003626,0.836750009807119
"361",-1.8858659268684,3.00317509695484,0.786254706663407,0.284484331547234
"362",-1.95791178958205,4.72002716071887,0.811957137009138,0.385941656760099
"363",-2.07230185121013,2.98856785567895,0.796243889430844,0.322268941618322
"364",-2.1750936905714,3.60473815941128,0.823457668718411,0.436467628681569
"365",-2.00571758541105,5.60355678882113,0.884458188610146,0.801143480224877
"366",-2.04271800205549,2.75283595630881,0.842956481538639,0.531839933489067
"367",-1.73690538332099,2.99752336406299,0.738652475486757,0.125661866460083
"368",-2.36922627123548,2.42616986747116,0.602178911248999,-0.22556681943386
"369",0.359649654223127,3.9233689243607,0.649513481371384,-0.114589648701495
"370",0.0556132959912903,2.85094515805369,0.585791387700296,-0.262381540837135
"371",-0.0110242624504955,4.31639727223312,0.779539063269045,0.26009832004438
"372",0.205743171903229,3.15848861851128,0.814953815868351,0.398757309688073
"373",0.32257608582305,5.04724236734142,0.781739297488284,0.268003364260687
"374",-0.341887880133942,3.81116183898616,0.74349752889672,0.140526531677186
"375",0.126497265278847,3.77133162118046,0.824790621471823,0.442571098868054
"376",0.909832711258693,4.4808491754361,0.865559681215407,0.663665664876224
"377",1.10088911313614,3.50788170356882,0.844300135438348,0.53895221528087
"378",1.36827184091715,5.74249583212079,0.84470279664421,0.541098992789346
"379",1.45758704632824,3.73569752154927,0.809960321106298,0.377529728527773
"380",1.2070128171801,3.25587738998808,0.71761090287898,0.0637571972829118
"381",1.18706263028902,2.12265302556036,0.71054171384125,0.0438242126015042
"382",1.32816278040807,2.29204648385334,0.573963447904668,-0.288560318500586
"383",1.6353174406897,2.13656427657088,0.670779293246163,-0.0617811860005996
"384",1.11965261599135,2.96988701962254,0.528259674501566,-0.387400905818907
"385",0.612492104206054,3.08242626991351,0.686102216093946,-0.0222676131597374
"386",1.03246170953441,2.89043673572991,0.703840404331192,0.0252857718034244
"387",1.09551724283904,2.85230322258627,0.763298419448966,0.204068775941597
"388",1.01463094715444,3.26640201792905,0.790965143198013,0.302065248339796
"389",-0.932227039272343,2.95536068931768,0.743558418516998,0.140714930569622
"390",-0.984020667862011,3.29885677034691,0.73665058200581,0.119591194766444
"391",-0.846382166665968,3.12100758301865,0.735837492747883,0.11713709496538
"392",-0.0324886046636474,3.13835933169622,0.769252922074172,0.22416055913683
"393",-0.31226021073116,3.49068258766123,0.716520453831319,0.0606561585825973
"394",-0.56565774596133,4.36239881708672,0.849459242649653,0.567018385426211
"395",-0.49855008757228,3.50298567738447,0.811660902737519,0.384687373910522
"396",-0.316511121512943,4.29911276113879,0.827896126434906,0.457007795103369
"397",0.287892220437982,4.19127561115883,0.839662188594487,0.514726490936698
"398",0.00975303930466342,3.9453281524089,0.834593110314376,0.489240129054045
"399",-0.161509228079061,3.52169431133035,0.833011581424679,0.481486300989287
"400",-0.233685621121255,2.99520187693167,0.691557839493467,-0.00786256366416216
"401",-0.568595560493098,2.77889491380105,0.663758161724664,-0.0794595865112447
"402",-1.81365823761974,3.54587375692533,0.648104464209318,-0.118014577999079
"403",-2.21447060885811,3.77157137516729,0.471322711208225,-0.507741815280938
"404",-2.05321580710264,2.25567749489993,0.515167360741479,-0.415234699768165
"405",3.13410192054212,2.3750933686764,0.452013326292028,-0.548430827349739
"406",-1.8882632195024,2.48064621394478,0.44648947244999,-0.560094399289922
"407",-2.22534209292191,1.66298092128487,0.367668923956984,-0.72992813755203
"408",-2.94988077371191,1.41719208781319,0.388298451577072,-0.684598203587431
"409",-1.8310365121232,2.8124206858393,0.569885872349994,-0.297517713357983
"410",-1.96826145369282,3.0745040083304,0.468933586461925,-0.512772091365028
"411",2.17807053283169,2.78434351438022,0.553711604359607,-0.332749118278305
"412",0.562802163517717,2.6995693008553,0.622788111594535,-0.178200793344589
"413",0.554116473632441,1.94297093913371,0.435567632510471,-0.583207005489854
"414",2.45692862555628,1.57691667675496,0.416695523719753,-0.623368357481949
"415",2.07476708322265,2.49420806104191,0.529015742753509,-0.385788624197748
"416",0.0698913559640846,3.36900092042869,0.648969664674912,-0.115912533755554
"417",0.252351794573732,2.40172558586376,0.6226309857318,-0.178566996794118
"418",0.380415769043734,2.50754556393655,0.784462079724658,0.277898970015565
"419",0.298119290550789,3.49038763769059,0.747271807330406,0.152281427353579
"420",0.945956961395853,3.64112064272619,0.682055043306538,-0.032835605348454
"421",-0.243779618353899,2.26384581018789,0.624416624976028,-0.174400379753574
"422",-0.447318504794076,3.65583430292389,0.754336577675343,0.174721353918704
"423",-0.525809892401141,2.94408746381248,0.644679671271071,-0.126303961927842
"424",-0.60926237900075,3.13701758330573,0.716346282115217,0.0601617515348964
"425",-1.18600267884636,4.22519874692607,0.724125196325958,0.0824917104030224
"426",-0.863121609713819,2.44944471125945,0.675703679490887,-0.0492271738739661
"427",-0.704867773737763,2.83477017317888,0.706179180254896,0.0317176957323811
"428",0.324535866472924,2.45889566624068,0.713101899357652,0.0509971164852556
"429",0.3236373553549,3.53045235665041,0.630826421206402,-0.159352174749884
"430",0.0237921082025201,3.40299401599849,0.700904840665906,0.0172685701907884
"431",1.20810901388109,3.62085591641404,0.778483107412381,0.256332765668963
"432",0.99849470326654,3.82389606791901,0.771070199150419,0.230392932002296
"433",0.989133022343524,1.65446116010387,0.655693570238753,-0.0994639706858596
"434",0.595199528906597,2.68409477769854,0.349791536724357,-0.769969832993622
"435",0.713905238367298,2.42655555046744,0.453938966897593,-0.544368107453259
"436",1.85785765804015,1.75513343729033,0.46259917957288,-0.526112924089824
"437",-2.35391667554079,1.85924205313147,0.391810949770317,-0.676959126115055
"438",-2.5075901910824,1.40173888981727,0.297195484419902,-0.89344380094432
"439",-1.38238766181203,1.50105645219455,0.217068004568422,-1.10842111617801
"440",2.741784912084,1.1575252299547,0.210972200159088,-1.12680458321663
"441",-2.65660706136462,1.93355996769919,0.182388792722539,-1.21857136604758
"442",0.447933761324837,1.15947566055343,0.100391409629433,-1.56784955968791
"443",-1.03509219423608,1.59131306357538,0.0938761724932765,-1.605219212017
"444",-0.950027213498191,1.78367773860581,0.0900874089954696,-1.62802516782224
"445",-2.83770477715425,1.26509990227256,0.100483689495423,-1.56733586015028
"446",0.95166107355502,1.02082084560316,0.121583689417912,-1.45945649556374
"447",-1.01748376321996,1.93721313662508,0.163719769994261,-1.28457850443144
"448",-2.08621986217401,2.11989500561705,0.220678449674377,-1.09770402786169
"449",-2.01655205911037,1.47154347520591,0.226467809321712,-1.08077111272448
"450",1.97595737124153,1.22604520839318,0.199013812487221,-1.16400651383446
"451",2.82960737344202,1.52359944067279,0.275329890585876,-0.948126931881735
"452",-2.26708680409955,1.82275934426089,0.269617899633238,-0.962824391264018
"453",-1.92716328354907,1.83403654895666,0.406873783206089,-0.644419356999962
"454",-3.03587586898709,1.70546481256288,0.320360379692915,-0.837850537896452
"455",-1.33000439677592,2.09239244560642,0.432138369702707,-0.59048112320045
"456",-2.87263846944847,2.0244639682548,0.51041643652218,-0.425300448689032
"457",1.08954511823608,2.79214136726263,0.585695166616347,-0.262595755388107
"458",-0.375672284967154,2.27935682523366,0.670287675653163,-0.0630273375458131
"459",-0.780302483256202,3.03881299855687,0.739583686469201,0.128499714192203
"460",-0.912391859686068,2.4268285782959,0.64596160454773,-0.123206963964587
"461",-1.1727276832838,4.02844229837947,0.701792069683353,0.0196851697712026
"462",-1.2481701009176,3.55614571587947,0.769199864336237,0.223979319517099
"463",-0.707057116955553,3.18293215011951,0.611243364469996,-0.204893387612583
"464",0.445258332853931,2.45900958021228,0.67466185393445,-0.0518941780698149
"465",0.848054293733915,3.33550124948664,0.837907862065503,0.505793475704752
"466",0.780836116272731,3.26908821562396,0.763228982715093,0.203837367316276
"467",1.09036063801146,2.18685889873455,0.466645210141909,-0.517590845480076
"468",2.21910303258286,1.61604853909069,0.359105503629466,-0.74901062852041
"469",1.38301772307375,2.32431273826311,0.321829311724086,-0.834395304485546
"470",0.153384017219986,1.62701952684952,0.423059162443755,-0.609788123169177
"471",-2.92603631937468,2.79567535202594,0.582129761476614,-0.270518441267319
"472",1.98376547412607,3.04312987331985,0.642868365444178,-0.130668224417524
"473",2.34264645413655,2.49456320767358,0.664804324819728,-0.076841387647853
"474",1.0687904960999,3.13894615243287,0.687201217247153,-0.0193807563892584
"475",0.917554096748249,3.60244652463829,0.72959532472029,0.0985123704894854
"476",0.659555919688593,5.76214412962967,0.879704388107561,0.763438275650927
"477",0.67309904326548,3.90299289056782,0.900186496036781,0.947157924241969
"478",0.682949584597208,3.52856866779611,0.903158006490469,0.979558709903361
"479",0.653674640835436,6.07816283872588,0.908309303063371,1.04065347693286
"480",-0.0237025454318713,4.53550358470304,0.902043242725532,0.967181372551814
"481",-0.145793564361443,5.49423330726901,0.893718778985882,0.882515116718603
"482",0.0689284413405398,4.25944622027216,0.875298245353796,0.730530549505578
"483",0.0633689678918699,5.25697834974625,0.90938021735819,1.05425404126031
"484",0.0656109820121857,5.10054964284794,0.901628206752343,0.962642693877691
"485",-2.04198797960141,4.9452683106069,0.892493877224133,0.871064114092122
"486",-2.29012451909571,5.11870615959485,0.883947407829585,0.796973145843163
"487",-2.41221383372572,3.06173957740087,0.88176015884336,0.779445757407009
"488",-0.909776080236926,6.24086628338778,0.870836174158608,0.698967209868671
"489",-0.966312170323437,4.65137012706569,0.91144070085883,1.08141462078483
"490",-1.07081907486121,4.09246587428582,0.909109569542881,1.05078478197268
"491",-0.994647323807743,4.24426291579687,0.918246564061982,1.18223250242808
"492",-0.867473270200803,4.59984848978966,0.905839729616001,1.0105184333699
"493",0.102229629702989,5.02489557826423,0.887763992254522,0.828886099136838
"494",0.196854478727766,3.83013596841684,0.838217945221102,0.507363554238122
"495",0.46138084432982,2.63217256016984,0.666080050682558,-0.0736412351453844
"496",-2.68036041101555,3.38226733814653,0.744310110791791,0.14304406060742
"497",-1.23115572874927,4.127399282429,0.832188641327558,0.477487228775864
"498",-1.17143591199062,3.05659867241634,0.665086357133967,-0.076134617144222
"499",-0.871358284690107,1.958706220078,0.421495402411471,-0.61312131744471
"500",-1.57196197699462,2.48103094032896,0.636020220577703,-0.147049115447262
"501",-0.585421805785182,2.15480905676232,0.531889211456036,-0.379655611629131
"502",0.416116875978139,2.6182405776403,0.593409597671762,-0.245351454458066
"503",0.307628405820751,2.27958105153259,0.582062295884702,-0.270668080968888
"504",-0.372145650297235,3.81744170581804,0.601201670926657,-0.227781732164267
"505",-0.363236875645298,2.54330548108778,0.461531944652526,-0.528361402631504
"506",1.89877434002991,1.55896442646618,0.314427320971832,-0.85188674682829
"507",0.3303643486126,1.58116137809418,0.266126570576828,-0.97190041547482
"508",2.89368535628436,2.66715706251297,0.282803781037508,-0.929165440033733
"509",2.55056270892312,2.09033235524338,0.295789377389155,-0.896890857181252
"510",2.61070447953212,2.34337714243229,0.261954331368369,-0.982842516870996
"511",0.0586042422447783,1.50007940545431,0.204736806796018,-1.14600607523753
"512",-0.895442544947648,2.21523933962759,0.169126847069479,-1.264881856334
"513",-2.77558063405147,1.33291291790049,0.170737893765332,-1.25910892934538
"514",-2.64970506068002,1.75008623813722,0.153366796809303,-1.32378096697365
"515",2.74588021226969,1.64714379685543,0.238136120056012,-1.04752213504612
"516",-0.913472277352658,1.91142625030962,0.181756351754771,-1.22071993479706
"517",-0.576829634401041,1.38828998247906,0.214276071499742,-1.11679485693068
"518",-0.445075356912249,1.6605581661017,0.274120684902085,-0.951223033440196
"519",-0.518664390465161,2.20407219809482,0.200213032446982,-1.16020358050981
"520",1.02353734895325,1.55507265786645,0.226401037382227,-1.08096469574208
"521",-0.0670062298898602,1.35837621744768,0.146568662778303,-1.35069886017669
"522",-2.635737800579,1.41979464111784,0.221962485925065,-1.09392209595906
"523",2.63685258950586,2.63521817293446,0.248104364563604,-1.01996762150395
"524",1.14830483941432,1.34175922633696,0.263328331027292,-0.979227298743528
"525",2.94356739859735,1.77199557866144,0.396706882181699,-0.666345117724901
"526",-0.989537422639849,1.52939105022594,0.309930620169675,-0.862614054968228
"527",-1.13874468585841,1.65743853935442,0.339850452528282,-0.792599205782782
"528",-1.14663848794695,1.98297641380626,0.343646631348038,-0.783924518878589
"529",-0.14587507815682,1.18845058703474,0.235566578721865,-1.05474811253829
"530",-0.632008554904563,1.98543784677548,0.235764949400936,-1.05418838954393
"531",2.27208070903002,1.80157904388487,0.160164513612759,-1.29781159081398
"532",1.2314893676981,1.44471552316561,0.154251500488793,-1.32034939507588
"533",-3.09247547605077,1.52730378023052,0.161401940866538,-1.29317948966346
"534",2.04597505457052,1.64860849948294,0.108389577939022,-1.52479264281248
"535",-0.237029964495151,1.43306456338821,0.10753784176715,-1.5292429715553
"536",-1.87561133487777,0.642103947765265,0.0521351339603401,-1.92309024799928
"537",-0.251767161307124,1.06985153320793,0.0820649550115368,-1.67930290545956
"538",-0.832990260542182,0.989551411066352,0.058230537877505,-1.86439886285705
"539",-1.05340422155409,1.15063168881624,0.0587660144701217,-1.85952165020621
"540",2.08573875961987,1.15262581279726,0.076468333513863,-1.71783383359693
"541",-1.37227767488478,1.45265204623042,0.113634904131157,-1.49803726076407
"542",-0.754814714022594,1.71106919940837,0.145886691228503,-1.35345497881819
"543",2.52255252952386,1.13939985591738,0.142996888559449,-1.36525232606468
"544",-3.00813531709319,1.68204284202689,0.119479426013681,-1.46945425622939
"545",0.937741719632344,1.28487741659243,0.122665588421458,-1.45437356047686
"546",-0.717337842514753,1.20962104224178,0.150269877642217,-1.33592073095822
"547",-0.30602759454625,1.27247647770256,0.172496644140793,-1.2528550891179
"548",-1.57787811279685,1.59784718385844,0.149878408016943,-1.33746967697306
"549",-1.34868712460939,1.41275895802238,0.124309935807381,-1.44672077437301
"550",-0.880180406315456,1.96781703767728,0.232088113009287,-1.06461487221676
"551",-0.875412052631528,1.27807111347473,0.307594028792113,-0.868219816275542
"552",-2.22359461972121,2.34369575594979,0.29190147091326,-0.90646917171075
"553",-2.34573963349417,2.07839389084477,0.23068261823932,-1.06862993131699
"554",0.866670644585367,1.45686167424484,0.13559567413571,-1.3963897420791
"555",-0.744461180493508,2.27809083727317,0.133901851417909,-1.40371377419225
"556",1.00722147628024,1.38016128179321,0.14627053975407,-1.35190240065382
"557",0.533921082653344,1.31662112522709,0.1154617501609,-1.4889696350064
"558",-0.620097853336034,1.25756346601321,0.136507129852329,-1.39248015779675
"559",-2.11028505329438,1.73104256001187,0.104465734954296,-1.54555478571301
"560",-0.115478234223403,0.931798004586368,0.116273910866372,-1.48497810496452
"561",-1.85641080719015,1.49165107031202,0.0936133414238616,-1.60677453409621
"562",0.940362108736354,1.24640054002342,0.180770226362927,-1.22408148152045
"563",-0.593775196754588,1.11041049325149,0.11924446831829,-1.47057991222395
"564",-2.97008697711853,1.39860318791641,0.12282504172554,-1.45362765632344
"565",-1.46475189096706,1.1713196093191,0.0493233103101511,-1.95237478158688
"566",1.74889094972222,1.34092373297865,0.113706827548498,-1.49767789430334
"567",-0.293986349482918,0.79849935476438,0.0647837485114123,-1.80738859489816
"568",-0.765084850980736,1.13309621416035,0.0959517511987061,-1.59307110808595
"569",-0.545474135861526,1.9065695363196,0.149635946095497,-1.33843068673618
"570",-0.904574944183018,1.6245034022303,0.165846327692112,-1.27677169446827
"571",-2.06775037220561,1.46056645801049,0.222090700889371,-1.0935452951515
"572",1.10084958801548,1.43677291370032,0.224642027540791,-1.08607857079179
"573",-0.729432606973097,2.06734517269189,0.207903995799499,-1.13620110300933
"574",-1.81205541483288,1.57766101847875,0.180042806466953,-1.22657014208293
"575",0.384726873052806,1.42649753123357,0.161685974751642,-1.29212024654057
"576",0.196783721769026,1.59118453152844,0.121679991767778,-1.45900249139785
"577",-0.232316866689996,1.67767790266306,0.347162974881033,-0.775926274414943
"578",-1.14222459492487,1.81140564401047,0.201428559823338,-1.15636593353034
"579",0.988567035430755,1.71030457488475,0.141136557959074,-1.37295109324617
"580",0.675506867446736,1.43096294315308,0.110117729108286,-1.51585583511312
"581",-0.723512889947407,1.33140441617397,0.164723186669426,-1.28088493778011
"582",2.37337303541628,1.42711635716188,0.133512165405924,-1.40540970625937
"583",1.08359455265685,1.28929557050167,0.117510702028187,-1.47894547797766
"584",0.311500369617871,1.03128396791508,0.108604315631417,-1.52367544827295
"585",1.74164587280426,1.04510264227747,0.0522601678299386,-1.92182291780478
"586",1.77180949687456,2.29488277287024,0.158728861700685,-1.3032216069531
"587",0.864965214187346,1.97993272150879,0.129683906014231,-1.42229487453529
"588",-2.07515052868041,1.34387429551089,0.122350795043198,-1.45584855556479
"589",-0.831674832400748,0.945120432506208,0.11253420594782,-1.50356159582154
"590",-0.957984794426234,1.46754043057196,0.103144907634243,-1.55269736343594
"591",3.12151997656794,1.13055249437135,0.118284143244871,-1.47520057033595
"592",2.30655638508031,1.69826301945796,0.150521210004555,-1.33492799915686
"593",-0.487484383578435,1.43104548878665,0.22395704408811,-1.08807745749782
"594",1.31143740039171,1.66540005169408,0.379737851617749,-0.703307507027186
"595",0.714457034974699,2.17311853029745,0.478434977680493,-0.492768341979325
"596",2.63510703272784,2.35620177817358,0.233939387411595,-1.0593513820911
"597",0.640265576145498,1.56992937247433,0.283384312366182,-0.927704864385515
"598",-0.426027673442634,2.46074036472623,0.460469081946403,-0.530600954618095
"599",-0.414939428807023,2.64673078428307,0.55473397968269,-0.330535162214738
"600",0.60847336730096,2.06630348638845,0.471506753775289,-0.507354335164929
"601",2.54529874200062,2.53278812055257,0.560040006601713,-0.319017965647105
"602",2.02520765091908,2.27356366388717,0.563012505181464,-0.312545269897149
"603",1.93367517079531,3.43162851906335,0.794755834231668,0.316517900106621
"604",1.89883928627804,4.52591210470243,0.873212532373656,0.715568765960395
"605",2.50568151454979,3.71886284911817,0.901848241983668,0.965044305474792
"606",2.26179700058086,3.2754800986202,0.863672232824366,0.651521019293973
"607",2.24433595709831,3.97774412428149,0.874973927695035,0.728179202567049
"608",2.33913657134156,3.41892497186522,0.870363094851117,0.695716428528053
"609",2.49177063823739,4.04439944790062,0.913555306935499,1.1107740325298
"610",2.47172575665904,3.4888019044367,0.877360227766561,0.745702529660564
"611",-1.27153247839725,4.18931212744862,0.852766443020667,0.58568490758004
"612",-1.24730531298714,3.06136144989211,0.862072875056284,0.641415731582862
"613",-0.939737300813453,4.04204945696109,0.873799783047697,0.719743479199837
"614",-1.00173356732109,3.23491899523675,0.851713334306186,0.579680819637928
"615",-1.15036812883289,4.91076478702088,0.877379677110859,0.745847506788179
"616",-1.85870611102734,5.24422761848091,0.824798136478404,0.442605665212699
"617",-1.96983769379526,5.21869738169867,0.867358964803373,0.675473285347434
"618",-2.00042736203487,4.34404469793719,0.876567966878249,0.739826992942727
"619",-1.83145716251354,6.04549955188629,0.87938364754091,0.760979761321406
"620",-1.82998902913132,5.35585169984863,0.867755210983165,0.678104813835132
"621",-1.89246524833948,5.04113725644483,0.891445437271913,0.861442608196084
"622",-1.85819551750764,5.15256869726958,0.890275324554915,0.85089275463839
"623",-0.485075558761213,3.77072609210871,0.873677665828729,0.718872946776868
"624",-0.519140871661087,7.45839412556144,0.91900550482066,1.19474124924625
"625",-0.442245014194257,3.51847841217785,0.891463699902231,0.861608821091633
"626",-0.555037797494992,6.05088217753073,0.90925724256746,1.05267497854586
"627",-0.345092238339752,3.9247097317581,0.913688827818098,1.11268229749917
"628",-0.232419636685064,5.39683551340391,0.929301132236345,1.40217691578532
"629",-0.229925829493699,5.21123089418479,0.916578336472098,1.15572161939525
"630",-0.306436684957936,4.72011917236307,0.888166044915664,0.832353032214358
"631",-0.648599614171633,4.08385136831063,0.852718555434835,0.585410639322381
"632",-0.522862239745291,5.59334028354629,0.847665057376678,0.557117196751038
"633",-0.512992914545424,3.4310302286098,0.690517218539397,-0.0106247193889846
"634",-0.392766857230419,3.34814966889923,0.648976363740253,-0.115896245455718
"635",0.408881678145964,2.3790250638773,0.487396957870176,-0.473895213153418
"636",-0.83841062803653,3.44154173130575,0.598241034363824,-0.234476222045473
"637",-1.81246379280346,3.28611172459145,0.696783413149286,0.00611471196035621
"638",-2.32289277079063,2.78034320142878,0.685855350067922,-0.0229150619859066
"639",-2.0024425185228,3.76272501247006,0.727775314181361,0.0931516989323756
"640",-2.4773917890606,2.57996549667259,0.599070540566227,-0.232602938964569
"641",-2.32007721085983,2.2114141831227,0.576245054503538,-0.28353367232366
"642",-2.36025809333201,1.90802850635917,0.386173272821394,-0.689230410459677
"643",3.1209919260468,2.15770954014054,0.389588416192915,-0.681790323046162
"644",2.62479824401113,3.32922271420927,0.606659714285699,-0.215377005317709
"645",2.78437292970302,3.97206604060687,0.745875304272804,0.147913686556686
"646",2.02506004833656,4.04644198378582,0.677971231153893,-0.0434014867029113
"647",-2.93511998880883,3.94944386114112,0.854595977350355,0.596254036219607
"648",3.08511984787647,3.83023084045005,0.842253989457326,0.528152457884745
"649",-2.97792886317028,3.62107580653311,0.810900264158568,0.381476933918861
"650",2.95980164190446,3.89116607203089,0.841911300305469,0.526361240561411
"651",2.0741519407995,4.9784253244549,0.809622905590231,0.376118128779255
"652",1.99155589179395,5.43963491187181,0.888451379527972,0.834826242436656
"653",-1.34810508509653,3.16590032192215,0.859322598062302,0.624418113926106
"654",-1.27478364412993,4.19529508717907,0.90125438627962,0.958586168521239
"655",-1.21872668019523,5.01042711424759,0.918232582148719,1.18200477366705
"656",-1.13359200604004,6.24929291573788,0.934867879111127,1.56179275892318
"657",-1.11709313255573,4.73673653837512,0.922421277749577,1.25497874702739
"658",-1.15061794842745,6.78917569614298,0.91362284935053,1.11173850034794
"659",-0.849597896134008,9.51740460318076,0.935468236027495,1.58235515940939
"660",-0.855637133566774,5.88975245998622,0.916369737350538,1.15249679546553
"661",-0.773973160871663,6.42866814655967,0.911934633935984,1.08813173633208
"662",-0.840172869395242,4.63377753717556,0.893933436827489,0.884545851997359
"663",-0.124862852238984,4.06725549888962,0.87847338756689,0.754058015909739
"664",-0.148920209433046,5.04563674304812,0.890799970508182,0.855598931106833
"665",-1.06678190811415,6.05670892986065,0.881081977437196,0.774116476287275
"666",-0.838821008741963,3.31427339961367,0.817031723901198,0.407783674826746
"667",-0.872287351778052,3.14880807615201,0.776808680294205,0.250398606820227
"668",-0.783012424890435,2.93869178742509,0.791129087559809,0.302684574410968
"669",-0.694003964142202,3.66417565377284,0.763598423488529,0.205069333688275
"670",-0.947503432578299,3.81530930734247,0.788756259959874,0.293770108457944
"671",-1.3315646910713,2.94337901250396,0.753072732967223,0.170663678187349
"672",-1.76000196467774,3.78072572749033,0.70308634655212,0.0232205078807851
"673",-1.82142126799825,3.97851716777184,0.715375436144287,0.0574104271979251
"674",-1.87959711370145,2.10977709542299,0.736691292967463,0.119714244707569
"675",-1.59937149685971,2.99704897632598,0.671414780202545,-0.0601684549671273
"676",2.19323163941549,2.77581118778604,0.764180072389987,0.207012692298654
"677",2.14514249537247,2.96353821328849,0.77738210198621,0.252425762738761
"678",1.33549398370211,3.64710749303922,0.735241330549107,0.115341928092576
"679",1.63478158696353,3.77918547175502,0.763833057556133,0.205852721525761
"680",2.51001840102709,4.46034178462937,0.775582965981297,0.246082890960308
"681",2.90402692460647,3.4072171959155,0.745242709997284,0.145942312023052
"682",2.62728410755732,3.17383501513221,0.723000884236764,0.0792321615055414
"683",-2.71435697700612,3.71472158150917,0.770583660249227,0.228719601281962
"684",-2.87136594430554,3.42468303192267,0.617152826728397,-0.19128337951898
"685",-2.58989350725445,2.01270971821123,0.628089251382905,-0.165796026254537
"686",-1.44965074939533,2.37356796563832,0.631490905453058,-0.157783744362365
"687",-1.41186284102298,2.40176351139837,0.729473733193539,0.0981532745474188
"688",-1.29247589157447,2.68314248171587,0.812217954883087,0.387047834040957
"689",-1.71626129634905,4.71388163562384,0.843434185209897,0.534359549790079
"690",-1.96932587727605,4.71478582313539,0.82088428836498,0.424836583960754
"691",-1.28931272036427,2.95420414540228,0.865815638869734,0.665331414277431
"692",0.316315459145677,3.8588424320939,0.880151806906138,0.766885091725527
"693",0.645318395712857,3.75126020264899,0.901791876402832,0.964428105764011
"694",0.530834435224946,5.01970971798975,0.879988062331031,0.765621288104904
"695",0.791547154796193,3.59678946215777,0.789329161477719,0.295912815540037
"696",0.653836089937582,3.86652711141558,0.831607402199406,0.47467712758923
"697",0.734544352880689,3.1187504640482,0.840689200850607,0.520013419750274
"698",0.421120657068563,4.1209231482684,0.853537183404025,0.590115746618562
"699",-0.939559859090864,5.25545295659513,0.871218445591208,0.701606927832045
"700",-0.848451167316722,2.77570319495501,0.902263908475753,0.969609655604736
"701",-1.74707531916821,4.8830222515213,0.914315174807704,1.1217249042204
"702",-1.49677603084389,5.30573225505785,0.891056074528741,0.857910391816641
"703",-1.51576836041922,6.72087662369104,0.916132491671525,1.14885244869557
"704",-1.70161030344781,5.53961764128482,0.923028471067164,1.26643912728891
"705",-1.17189732659325,6.09465417080357,0.92287139311898,1.26345055673479
"706",-1.08093001853688,6.42013114503182,0.916864489879536,1.16017708260684
"707",-1.24986021602625,4.80104847834285,0.911497334226061,1.08218059486753
"708",-1.22506767666604,6.19218706753284,0.878872673093882,0.757084212640388
"709",-0.583897736267283,3.64228290595397,0.827796074627615,0.456537834312451
"710",-0.118069449815076,4.68726148459679,0.839219001551922,0.512458216914841
"711",-0.209899503568269,2.30635405761204,0.813338178637872,0.391818784994565
"712",0.0933394238702312,3.81552293918905,0.886192524307375,0.815531932852841
"713",0.149958212715763,3.58286196648882,0.879874224926654,0.764744277258247
"714",0.189581871154469,2.97966230801342,0.868651293929988,0.684098422051711
"715",0.207634894678219,7.08625261872275,0.90217545453064,0.968635003560965
"716",0.269665289601723,4.79723151473402,0.883927853192949,0.796814083420309
"717",0.279957112857472,4.1530715250293,0.825783115628839,0.447151530943968
"718",0.36638240260055,3.84899807886823,0.680026882213315,-0.0380950301165789
"719",0.111418224010538,2.34273719586333,0.700527339955073,0.0162420320035041
"720",-1.67133452476296,3.87221055733752,0.754551623840725,0.175413706569215
"721",-1.37952202912121,3.17025263233091,0.756981381602909,0.183276002763911
"722",-0.528825108465564,2.19026281353048,0.780518512105552,0.263607376522402
"723",-0.719841461497676,5.51931350706383,0.851872233996862,0.580583095607153
"724",1.39986993223591,4.67614848890374,0.859578732784201,0.62598146354636
"725",-0.634698122478706,3.91973092446131,0.880080194841771,0.766332044558667
"726",-0.49996742697587,5.42768461507979,0.875868182298559,0.734685386980487
"727",-0.539988187212602,4.9868927965831,0.851575786304759,0.578900825755262
"728",-0.610580697868308,4.27625443420604,0.877801327902027,0.748999318139832
"729",-0.501580705238242,3.53848564852317,0.865913869098218,0.665971901954441
"730",-0.509548873304426,4.20687853249508,0.895585488703198,0.900423405823364
"731",-0.361700369860807,3.64988283309219,0.897540229917199,0.919805676031718
"732",-0.407829342654825,4.72463652767308,0.910932066438899,1.07458315358625
"733",-0.277858837753035,3.63349909712502,0.879657098686909,0.763075148884612
"734",-0.299042163643586,3.98808655866633,0.886213869743259,0.815711268412753
"735",-0.356058199116034,3.96156817755766,0.886761671368984,0.820332836260364
"736",-0.429201398143864,4.06889339102227,0.891061320133063,0.857957833828182
"737",-0.416683655792507,2.22285132969628,0.822433116520557,0.431813179333538
"738",-0.621767746528074,3.10935186898381,0.667506544651021,-0.0700530942324497
"739",-0.439239920060024,2.06204887629445,0.652720368178472,-0.106762202972877
"740",-0.294914255013908,2.99148873088716,0.494489822219631,-0.458945745877879
"741",-1.70721901433028,2.74026996794462,0.772559820633203,0.235537954513114
"742",-1.65607754730576,3.41845038375957,0.684259225445046,-0.0270922357368936
"743",2.55962365631366,4.08220452634514,0.545783643824187,-0.349863814609928
"744",2.23014453844876,2.50517669109982,0.461593631847779,-0.528231430840616
"745",1.97600139629821,2.91517574137643,0.605990180082763,-0.216903210891434
"746",2.50825679457483,1.65477161226138,0.487078693578794,-0.474565688310765
"747",2.08479017427891,2.60064739472854,0.443797930446996,-0.565783294640376
"748",2.43015577056512,2.53656410026906,0.350328766353836,-0.7687547575453
"749",2.18652897302253,2.95505094238285,0.453671995404178,-0.54493127395268
"750",-0.653550936482654,2.10619480731567,0.459452966341996,-0.532742292702136
"751",-1.56469614712078,2.56114838612281,0.586245886890973,-0.261369411083173
"752",-0.996359492406437,4.35932216552291,0.724543244644105,0.0837065403173904
"753",-0.618777670710843,2.8501636503757,0.686548857938406,-0.0210952696904161
"754",-1.04415936780597,3.56984084496734,0.725440863825115,0.086320236388867
"755",0.209544798599098,3.37326896403751,0.793539790597714,0.311850979879059
"756",0.431905847983626,3.0095683034302,0.702397991561507,0.0213387652597457
"757",0.560783886625526,3.41599566086207,0.727173734598726,0.0913865173850036
"758",0.57035633893373,3.1024787700321,0.787281705349462,0.288282840370437
"759",0.645087365838107,2.65836886355307,0.712414357541258,0.0490657733378181
"760",1.22234484818645,7.16327746023209,0.841829419934524,0.525933989201778
"761",1.33801193343054,4.38554873297852,0.851347238688401,0.577606929169791
"762",1.4159394348752,3.98485933102684,0.86724034028822,0.674687703171035
"763",1.64039224352704,3.43172524278524,0.901711064955144,0.963545847665295
"764",1.13687529160206,3.13113673004799,0.886793248213501,0.820600368274874
"765",0.986514695954006,4.88796585374491,0.893516417470351,0.880607343768517
"766",1.09857401016567,3.63700692302722,0.856736619865004,0.608851504192138
"767",0.869266579550763,5.81462837134295,0.890656573019578,0.854308774216724
"768",0.648936888471891,7.41141190787468,0.924347554205952,1.29222461108424
"769",0.798569713096791,5.16606828101298,0.906329976723443,1.01637077597255
"770",0.811721340777731,7.34661985171465,0.907449962536474,1.02997884572006
"771",0.820689736655989,4.30994946892259,0.918813070390532,1.19154180597284
"772",0.822367263354566,4.02520965992508,0.85738753070003,0.612733110325389
"773",0.673003609804578,4.64190138786386,0.842015364452806,0.526904654046293
"774",0.596144468655702,6.53132808070346,0.910323441107236,1.06651970447262
"775",0.602064258827295,5.30193446453098,0.903810743034349,0.986936372793604
"776",0.67477220315359,6.35438487917873,0.898078821262666,0.925265531796729
"777",-1.3885727682694,6.44439639394348,0.926671176758792,1.34095456998736
"778",-1.28426889628018,4.77125358612858,0.932775681292198,1.49592124050269
"779",-1.28973698855103,7.82190785104377,0.939257152280185,1.73542454727715
"780",-1.98585093553105,8.27478624262711,0.940908300846429,1.81974193495417
"781",-2.03445866062648,3.65269658602351,0.936761368928864,1.62964471121109
"782",-2.03489743803475,7.98212683020782,0.941491506867135,1.85320023523293
"783",-1.96057615400352,11.361625825699,0.943027680030264,1.95357380761097
"784",-1.79470262875111,8.16876057833124,0.942463841215694,1.91439247333599
"785",-1.80993023520204,7.32804789322089,0.940618224824254,1.80388417440432
"786",-1.68024606286715,7.20820778367192,0.936731683651186,1.62850896030456
"787",-1.63578024360159,6.2974555520447,0.926057200415484,1.32763418462181
"788",-2.06544961022107,4.72393272306567,0.921926594221558,1.24582144497315
"789",-1.90459613809688,4.76616061976906,0.909842299761781,1.06022853938448
"790",-1.86373733938677,4.22056660147459,0.89437906523883,0.888785020385167
"791",-1.77211251694799,8.00669088174259,0.914261865188088,1.12094935716178
"792",-1.80211990283035,5.36791333709811,0.904162067247705,0.990948323944911
"793",-1.25619281388437,3.93512443256838,0.898042323288735,0.924893860012031
"794",-1.13826603661789,3.58177490505314,0.912016324745549,1.08925071049951
"795",-0.959120511859138,4.46174283455848,0.919271824956684,1.19920093723252
"796",-0.794638713240583,6.26476791525171,0.921295887076383,1.2343704159514
"797",-0.958403320659532,4.257007240503,0.88058107741809,0.770211257389165
"798",-1.06739111694157,4.9721905786767,0.874361612563651,0.723765054901557
"799",-1.21677563755504,2.99410643406111,0.882092264413342,0.782073352236386
"800",-1.15357172924714,6.46965257549191,0.921954469924145,1.24633328839526
"801",-1.12776650093866,5.2390889425583,0.892184460006643,0.868207653685748
"802",-1.88023676146535,5.46724659781007,0.87827333303617,0.752547627899793
"803",-1.87586873823965,5.6691439304832,0.886211368794716,0.815690253593131
"804",-1.80217250643864,5.95593552667817,0.89970619206019,0.942093144910359
"805",-2.00319820055999,4.78909662725114,0.885812262098142,0.812346420159014
"806",-2.02674117966528,4.15141825218128,0.898894946752304,0.933641395132615
"807",-2.07727179207954,6.30233904276201,0.89764391540546,0.92085264962484
"808",-2.07127557467873,3.97620301924439,0.904349839891661,0.993104581112093
"809",-2.06712116236221,4.01544615508376,0.91511476905123,1.13349296520444
"810",-1.99595974773509,3.97979452155883,0.923889793203711,1.28313324511458
"811",-2.00788994414994,5.04852976937276,0.834136701896143,0.486993134262124
"812",-2.25512705673949,3.00314774262242,0.849988855241486,0.569970805277195
"813",3.00593990715412,3.32754804956333,0.833209391619413,0.482451160804633
"814",2.75428941502674,3.90530116549158,0.830765166082385,0.470626110083793
"815",2.32078901852091,3.25754600665528,0.765223331041011,0.210509913103701
"816",2.52510328080146,2.61876989801438,0.678033906008654,-0.0432400542650455
"817",1.74196857936629,2.37595482651,0.715510993194594,0.0577941278693426
"818",1.20656894589108,2.30095779568356,0.699635355960324,0.0138204239643879
"819",1.04116463698341,2.03395241600293,0.480542482569317,-0.488331086045461
"820",0.252974283771477,2.68062026892013,0.45256745950027,-0.547261558311064
"821",-0.81848823658896,2.00891892454787,0.475243388898284,-0.499487602274558
"822",0.521560659586396,2.76505497789326,0.496861404086094,-0.453943453872845
"823",2.2063661260853,2.60927369462411,0.416732107675002,-0.623290161212391
"824",3.00243478908331,1.16133474523171,0.458217212661597,-0.535346897358802
"825",-2.76966793025505,1.65862505668779,0.421278927754284,-0.613582934313742
"826",-2.27498386995833,2.48428659037107,0.485591417431469,-0.47769858259979
"827",-2.61953281124472,3.95170335323276,0.541909976800313,-0.358193950991409
"828",-2.7913747072523,2.05675743401134,0.434123357979561,-0.586269471179831
"829",1.31769161071039,2.72829089152071,0.273732080262784,-0.952219754867989
"830",-1.68139481343723,2.22405496208514,0.31819948525349,-0.842947602438866
"831",-0.10059372009793,1.45708584140334,0.286816198693824,-0.919105295269983
"832",-0.466135310532421,1.99311037758233,0.457080379995708,-0.537743428264534
"833",-0.911059817184008,1.80227531861158,0.473432990786253,-0.503298978733612
"834",-3.09615657000025,2.06856568477074,0.399651337108812,-0.659979750069826
"835",0.471266722447753,2.50048656904008,0.30899556114878,-0.864854735100666
"836",0.145574191017948,1.8174654486847,0.26101171608441,-0.985329485432465
"837",1.00741873907988,1.77589255283185,0.280692632153003,-0.934491581714696
"838",2.27317585828167,1.36448626112317,0.269726710773606,-0.962542674638419
"839",-0.941107311891342,2.18854018536206,0.264554276029158,-0.976011442978181
"840",-1.08948058160501,1.95755630551313,0.318898311760667,-0.84129736180234
"841",-2.83065874779599,1.10553577779585,0.211047626378563,-1.12657482318504
"842",-2.82091548809868,2.29403964853526,0.34340119426936,-0.784484100111923
"843",2.43714394882794,1.23666412099177,0.369531857899302,-0.725798981957786
"844",1.05698513633642,1.93585632654697,0.41182616161445,-0.633790152582949
"845",0.587792783448776,3.66368580256476,0.503006767519097,-0.440969915156828
"846",1.29549185372712,2.85598321777378,0.584794995149266,-0.264598751432401
"847",0.487321164345413,2.97874373479437,0.52196149821119,-0.400809661020051
"848",0.279591345301785,1.46947269819746,0.648316765934296,-0.117499079924766
"849",0.269479538504444,2.9000245624232,0.594318608616916,-0.243309904198867
"850",-0.891284937618043,2.17723069433752,0.458181762996241,-0.535421621713549
