"","y","v","alp","rho_ans"
"1",2.65470594735954,1.12902748795135,0,0.550358039541312
"2",2.56510805426942,3.49190673128854,0.719100082313612,0.714701506799466
"3",0.931500138685444,1.20446211394944,0.481003701442495,0.665360208913705
"4",-0.51987064834493,1.35659955912802,0.926573796779528,0.752745306245642
"5",-0.394770943817241,7.46751269450649,1.37397119763773,0.818828419104307
"6",-0.58048742406552,6.21999125987155,1.79861263752315,0.863313040795772
"7",-0.575024097981773,7.97176074114199,2.00391926228762,0.879537215621276
"8",-0.619094042837584,10.7143831498372,1.14501628172401,0.787679419855504
"9",-0.506939877406417,4.57414885692206,0.413065754450288,0.650242658825752
"10",-2.97440145607961,5.84085608290797,0.648665063019342,0.700719991569394
"11",-0.162240028805559,1.44841338493103,1.38926253659878,0.820718590642999
"12",-0.0193957116806724,7.26844441736115,1.28854694878609,0.80783888885265
"13",-0.027155165224487,5.17614215910817,2.04939846936574,0.882732082080481
"14",-1.10749951036001,2.10549064917536,2.5097922108722,0.908287951354639
"15",-1.27183496304267,2.37451894508508,1.99702357139561,0.879040778957972
"16",-1.41550393879218,15.4756040218401,2.31430312869106,0.898819974836475
"17",-1.5716012155446,5.65246532843768,1.53692074389536,0.83781151738686
"18",2.6423681871155,0.849909987803952,0.2849034907371,0.62059567596265
"19",-3.1279076094042,4.99739728497738,1.50527816602126,0.834321698558927
"20",2.92258915480358,9.32111476526162,0.413106224484761,0.65025179247592
"21",2.9579234745284,5.67881786263623,0.865616050786692,0.742059533836539
"22",2.77329774600002,10.9317554073889,1.32859924091916,0.81308310223963
"23",2.69556825490614,5.67222685406473,0.57675190023247,0.6859043980265
"24",-1.28704422303796,3.24953259277237,1.44109024203743,0.826954906640678
"25",-0.739821942496337,3.63874728550632,1.94504367375514,0.875194038642968
"26",-1.0839059493992,5.8104111625699,1.70208589068924,0.854577644611241
"27",-1.14603648399107,3.63742776367417,0.587554999730827,0.688164317062027
"28",-1.2430996868345,3.3704719272967,0.275192970000336,0.618293401764979
"29",-1.41073505114315,0.890486981687826,-0.233232590564498,0.490062933493894
"30",-2.42518298578296,0.550483703893993,-0.734719790299255,0.361303651359781
"31",-2.5663263943896,0.948320128505701,-1.49646610494418,0.199312939903948
"32",2.0969353860043,1.64522862595184,-1.29298121856986,0.23684740541131
"33",-1.86356531338691,2.03133978862497,-0.611661985402229,0.392061924153796
"34",0.546659639322504,0.773614396894829,-0.942017015154414,0.311814880616499
"35",3.07142279020761,0.929925629504497,-0.480276527419804,0.425705870395042
"36",-2.72190727715214,2.91843340188214,0.129519289848903,0.582920241259147
"37",-3.02672258513322,1.62857677062004,0.455197782740898,0.659669205303772
"38",-1.03243823847674,2.04500941475245,0.575867091841182,0.685718772847717
"39",-1.11282616039636,16.4670986577077,0.789503106066085,0.72814112768222
"40",-1.05611686958677,6.86380514611801,1.40988282870375,0.823231088152558
"41",-0.95886732462716,11.1035103994038,1.22543663613424,0.799241039032762
"42",-3.02389815260427,19.3810951140217,1.55094839841896,0.839329225992222
"43",1.1283460066774,6.77960400601365,0.520509311116473,0.673947322286779
"44",-0.389239129760695,8.41208843191359,0.620480683177825,0.694977697218669
"45",1.88356517366136,0.904683308625296,0.606930833151865,0.692187428678738
"46",2.8945376977078,2.45835060324279,0.273357637999217,0.617857423778333
"47",3.1253105333627,2.2498516777827,0.503923864712054,0.670360874410883
"48",-2.31212644713004,5.71018546970817,0.519607882447389,0.673753095771279
"49",-1.6790462798628,7.28133006204982,0.977916514608603,0.761426858165697
"50",-1.37120649993462,17.4581666074819,1.83572812021037,0.86647604089382
"51",-1.76374009926605,2.32833082470592,2.08346761636476,0.885037169639945
"52",-1.77870049787813,1.02754222748392,0.822846968314772,0.734317097825097
"53",-1.71044971530194,3.18874779046317,0.951743145492671,0.757037582987301
"54",-1.81150133899911,6.44265461031133,0.337316790035761,0.632890117144511
"55",-2.65868287043611,0.727660441951135,0.434427188618487,0.655042716927329
"56",-2.83284909750141,1.74586795795028,-0.280053450435158,0.477836002374538
"57",-1.02557861706598,4.1330706607911,-0.898019386103632,0.32203561145453
"58",-2.27171268711757,0.31615511681664,-0.823988155559275,0.339591065646811
"59",-0.623075232487256,1.35714289734875,-1.10316732659968,0.275871795346223
"60",-1.69542330982612,1.5423429064547,-1.61422205042301,0.17967770770148
"61",-0.829724331040252,1.18592708878075,-1.37328742051677,0.221491316013773
"62",-2.75192108963362,1.48745421730737,-1.47011597627939,0.203916396545777
"63",-3.08298712544002,0.934187985700303,-1.89608696183004,0.138774511331893
"64",0.726145629005842,0.159575315064915,-1.93599767591515,0.133652446097146
"65",0.292835199727196,2.42471220489894,-1.33193705525794,0.229310613337645
"66",-0.933658427078248,0.95203646631101,-0.651436677425677,0.382027514010957
"67",-1.03411028654711,0.483574809650095,-0.331808330732627,0.464316875444459
"68",0.523353960158848,5.99448514523231,0.18405094055559,0.596335795284504
"69",0.325184588717666,0.585687081857708,0.0416585125924134,0.560927132841068
"70",-0.31695392926052,6.2476004248198,-0.266326860948809,0.481421716292753
"71",-1.1581989259656,0.467950411547846,0.0407681249733464,0.560702111335431
"72",2.79984876994531,3.25274792502284,0.383495845632911,0.643529305672852
"73",-2.12878643195107,0.926098166847313,0.219851934898102,0.605033634206022
"74",-2.18351917560668,12.3223667384615,0.860167966276777,0.741084495601869
"75",-2.31408820710807,10.337960363702,0.678680574020162,0.706743006699531
"76",2.08789344191961,5.65301604303377,0.0586674134218841,0.565217907849634
"77",0.587854647328511,6.742580800424,0.877203647384287,0.744122447109617
"78",0.350438999110942,1.79461658373608,0.492522387699911,0.667879726714021
"79",-0.172427758125377,2.9472200448179,0.73783811368055,0.718331190629655
"80",-3.00279951796716,2.41689846602707,0.350624925694828,0.635975160704311
"81",-2.93893168769567,6.56550151892498,0.406763535094092,0.648818488704243
"82",-1.47626342070848,0.834051769543567,-0.308849091448439,0.47031332695267
"83",2.03829672129712,3.45033342301418,-1.11158591638121,0.274062485484571
"84",-2.91714680257634,1.34395025878301,-1.08237802299828,0.280369868839691
"85",-1.02266595155891,2.67615945515472,-1.31897617197895,0.231799888145478
"86",-1.16209577107341,4.03841624079624,-1.49613062105355,0.199371067409024
"87",-0.35623495765588,1.67455725295956,-1.5118395974833,0.19666261162307
"88",0.761711203894794,1.63435598919255,-1.13210407376722,0.269682457259761
"89",-0.637468254414391,0.2558283673545,-1.1323555495787,0.26962903728255
"90",-0.993861552471499,1.7108070263878,-0.677126117520511,0.375591493137557
"91",0.667992104506696,1.11941396359148,-0.584119266537578,0.399056050794938
"92",-0.194014486602123,1.5439620917982,-0.00234162779626113,0.549761565091254
"93",1.61244690211997,5.9372750903738,0.387960746839341,0.64454803572201
"94",-2.93611987722391,5.57949707368712,0.577001983562421,0.685956848819039
"95",3.09265238088242,0.256019613676097,-0.381280229741471,0.45140996317798
"96",2.99881566434367,0.94201710592655,-0.628221541471489,0.387874409403623
"97",2.76380756089,2.51452880104839,-0.827407712087878,0.338770746764415
"98",2.64732843176388,2.54393182275038,-0.190662014413795,0.501163042514046
"99",0.735795035193771,1.83329468837092,-0.68555876522234,0.373487011220058
"100",-1.3742461657489,3.68090603356539,-0.934790211741118,0.31348231971708
"101",-1.06786253205219,3.05713934097396,-0.627045218187261,0.388171419859149
"102",-1.09821876976848,1.23809120744452,-0.647627369572303,0.382984960671937
"103",-1.43435994927213,3.96799893495369,0.549621698123672,0.680176420051343
"104",-2.78572411741398,2.16034160556408,-0.265920704173796,0.481527805034174
"105",-2.01799304365887,1.39781311587927,-0.4381539309158,0.436616162545253
"106",1.1728566409754,0.177902629490462,-0.0295477804393681,0.542814187338526
"107",2.90559750467886,1.63878400366483,-0.6240550300505,0.38892672974224
"108",-2.63536294391328,2.58268135830796,-0.657269713250677,0.3805629392368
"109",-1.95676613015788,3.62550899564301,-0.789801400671754,0.347839789674792
"110",-2.0938019120311,0.497041089735393,-0.714473273409385,0.366303124248414
"111",-0.743766146651129,4.87668887941432,-0.629713913905021,0.387497701003037
"112",-0.843789189720928,1.66134219695874,-0.085445102486791,0.52845013792343
"113",-0.159735938763014,2.73848379954163,0.044768000368265,0.56171265884016
"114",0.265061596125125,3.81305523230016,0.508118276540967,0.671270440180272
"115",0.271253905991115,3.65263050488189,0.555875076899036,0.681503322068508
"116",-1.84464339259581,2.11279870468903,0.639929911296042,0.698949227184271
"117",-1.6900788443734,3.4377156110675,0.0687344274278334,0.56775035043273
"118",-1.84252305522382,1.48732880252857,-0.0922221840734515,0.526701318598628
"119",2.63610305611336,2.02720027663882,-0.374573195073096,0.453158166605896
"120",2.76114949140502,5.21136818159658,-0.0812472708381517,0.529532651811878
"121",2.99958497931444,4.2954888059908,0.139470530416074,0.585382716279388
"122",2.99287667922396,12.742925271804,0.126473832245042,0.582165399162508
"123",2.67384188065831,2.77539930475134,0.0853078320220392,0.571907551187373
"124",2.63558241380937,3.92170161292391,0.400117051510938,0.647312603221086
"125",2.38400055887243,10.5486459437827,1.0135527656767,0.76728164920164
"126",1.15207543030314,8.55853715473828,1.87392188211427,0.869621701477873
"127",0.528014853732345,2.3325689166431,1.15079240202219,0.788532755072198
"128",-0.734983163936074,2.44056595299782,1.11512266319831,0.783205820619746
"129",-0.730028327695828,2.47803837259407,1.13342462505067,0.785956130405254
"130",-0.333236779483732,3.84616222237583,0.888275499167798,0.746079675874991
"131",-0.657217689446204,2.8419366019907,1.2278705914363,0.799580309185851
"132",-0.732379393581445,6.13847874919882,2.04652634407198,0.882534340371832
"133",-0.743459715052738,0.272304476845522,0.921651577940058,0.751897703481903
"134",-0.572084244142204,2.33831925579089,0.586300150048009,0.687902428681506
"135",1.73299941545604,4.93508992168408,0.765710476676195,0.723659680871787
"136",1.54983041832637,4.00124922894888,0.804389005902348,0.730913401189378
"137",2.8727738625167,2.22828310805076,0.421664837025856,0.65218000009109
"138",-1.3397102628242,7.58044692674698,0.30401350122857,0.625104416144772
"139",-0.0139750208814284,7.07295120931036,0.985548277425308,0.76269247306643
"140",0.659543850614439,3.97565499920613,1.02042973132491,0.768395408268235
"141",1.07366168707313,6.5172448435559,1.07244395793723,0.776651591125076
"142",-1.48191192442562,1.2547386001503,1.11201112281182,0.782734644349319
"143",-1.66408154077278,10.88758609229,0.689662843915456,0.708922747397824
"144",-1.60127602455665,8.4068654863638,1.39208107442375,0.821064476831437
"145",1.46256535070031,2.69502900444392,0.647316474253796,0.700447135512996
"146",1.48350374899436,3.45021501549642,0.305733831701551,0.625508849877948
"147",0.338595856562232,1.15604745215783,0.168754596960452,0.592592425332623
"148",0.111303133319406,2.19522348916154,-0.509541501015241,0.418155998478008
"149",-1.7371272260702,0.500178149874213,-1.0281365607519,0.292303644862384
"150",0.347065467595528,0.75886698819271,-1.39361695785152,0.217715715047911
"151",2.38732673134087,0.33091246941765,-0.586705651864472,0.398397780025426
"152",2.18811416179487,2.59933098235192,-0.487130351950353,0.423935293563394
"153",-2.35423823517504,2.55706917631057,0.0817984778311339,0.571028547639581
"154",-0.473448613560847,3.15286766315319,0.0481623059170189,0.56256957625627
"155",-0.716036386703895,2.76982349201222,0.306365654294064,0.625657324665134
"156",-1.88053272442197,5.46217953892312,-0.33223603550217,0.464205194687333
"157",-2.42963243502895,2.16295501578278,-0.843394696918615,0.334947426330805
"158",-2.17062495275054,0.475648722460317,-0.881332846155765,0.325954360938527
"159",0.185769712911348,1.1369069423165,-1.00079994581087,0.29842375626625
"160",2.48625644210327,1.26728613103894,-0.140441253477326,0.514220226581043
"161",1.98562093555063,1.92875066434348,0.603333741416739,0.691443483619914
"162",1.82012776753591,3.20769183893169,0.740838639909701,0.718908876047804
"163",1.54178836997135,1.78766678728999,1.35251411015751,0.816137020359774
"164",1.72510115731902,9.22282081435941,1.00656561729065,0.766144723561452
"165",1.83962957588736,3.50947232837067,0.963351127783382,0.758993574162497
"166",1.50305350887462,2.27386427659778,0.647242881062471,0.700432240085151
"167",0.556187266357842,2.84188548725448,0.444442727992838,0.65727866620802
"168",1.7516211805673,3.2296670426182,1.05418485528499,0.773787027194358
"169",2.36912626908141,1.08249912806688,0.597458869314875,0.690225565577027
"170",1.93137332478847,11.6832152271027,1.73732464380464,0.857853788820019
"171",1.79642502314718,6.44557255114144,1.93758702442517,0.874626815262593
"172",0.955696334119819,2.58514096515081,1.47040798856029,0.830368018367206
"173",0.734721727309046,6.45950879087183,1.63800720266176,0.84835455460541
"174",-2.91874072789544,2.74490310888565,0.383760522288213,0.643589744992334
"175",1.25344829179258,0.762627288198475,-1.04102437004429,0.289442642772664
"176",-2.29195463546454,2.12756998102401,-1.39643573736676,0.217195797122496
"177",1.68592341971757,1.05095187196343,-1.87044781085182,0.14215011697414
"178",-1.89316640449402,1.05233004007849,-0.172169306599788,0.505976742680905
"179",-1.59324851029275,4.10378540181715,0.325900813077872,0.630231707609254
"180",3.03401099075886,3.22266521916067,0.766221355520965,0.723756557588327
"181",-0.278555442769429,6.66574668371266,1.26037677111711,0.804052110976734
"182",-0.388359314735725,6.57421577734092,1.0828542736148,0.778268546603406
"183",-0.355401799477212,2.28179904984679,0.733745203157061,0.717541614522524
"184",-0.522730316718738,4.92799453477292,1.77244228292758,0.861018419621987
"185",-0.396456880831856,6.31265100273953,1.62704646887684,0.847254962819115
"186",-0.913802346781374,4.093138092989,1.45780175769732,0.828910466946523
"187",0.178482790684645,5.37727434087652,1.30522927752902,0.810043012551843
"188",-1.59400156200323,2.49555981900445,1.42869797173395,0.825487474084604
"189",-1.90936464685012,7.04053882444589,0.704018677079869,0.7117525634501
"190",-2.39693445021521,12.6806154319052,0.751642337436447,0.720980783794946
"191",3.03441416805567,1.33355644286721,0.0440343862414188,0.561527375583411
"192",1.4979556138754,6.16863973591827,0.392481019718639,0.645577581879735
"193",-0.196673160272267,3.34255586626523,0.754073049424567,0.721445189315103
"194",0.863673660868965,1.69506617279119,1.31729981739428,0.81162012683862
"195",1.46543640789137,5.43929517564752,1.1156174975835,0.783280656358627
"196",1.39172357928475,4.22739123589594,1.85510626007536,0.868085701674397
"197",1.67521681822464,4.34073596555371,0.302644034602463,0.624782294276578
"198",1.09322205018362,5.17993296093608,0.829696171484248,0.735570568576618
"199",0.673466714077588,3.12002673470561,0.67698535295174,0.706405393242758
"200",-0.268366771330368,1.20252440276038,-0.109240345490474,0.522303644685504
"201",-1.53854633284749,0.572774340928064,0.24441704471192,0.610948084593696
"202",-2.21377494010928,6.85566207738074,0.269545599837095,0.616951039343728
"203",-2.2377942628962,3.40808557411137,0.204395222219043,0.601289564841835
"204",-2.75682691519238,2.18179041547062,0.238977587276426,0.609642316967292
"205",2.98066617600177,1.20848096028045,0.00504343639678811,0.551641905935104
"206",2.32575993808252,5.37362113575201,0.613359818225819,0.693513710766294
"207",2.20849166120522,0.820429137034527,0.959066094340961,0.758273261666056
"208",1.90794315568502,3.82740750702011,0.379237344861619,0.642556013242961
"209",1.71331095484977,1.37062793440702,-0.0900111876594454,0.527272022374063
"210",-0.299575764475916,4.66911462762959,-0.00157756721682216,0.549956218175565
"211",0.440526701339629,3.51174859252101,0.149277033311765,0.587803255837464
"212",-0.405054892184969,1.42035809605123,-0.0434906621662055,0.539242012863782
"213",-2.08358017864345,2.51487892897499,-0.0491911932007028,0.537779374687902
"214",-2.52924481505013,3.41312623626437,-0.494333460935006,0.422076031504019
"215",2.00306964663377,1.54408485616413,-1.03735698298934,0.290255175062027
"216",0.775795517923006,0.68278087759273,-1.84153598420932,0.146037451260161
"217",-2.36429268680617,0.603156589064594,-1.84427539071193,0.145665426052059
"218",-2.61492214257472,2.36091787659652,-1.8657854123656,0.142771181171685
"219",-2.16789599025544,1.90432490887276,-1.49912484851858,0.198852713837365
"220",-1.84252070138863,1.24137610528764,-0.684081423327919,0.373855403074185
"221",-0.769291230536186,1.24671664998193,-0.80190082292273,0.344910612627047
"222",1.84755801548727,0.882169409616484,-0.935465701918959,0.313326272236843
"223",-2.21683020501904,0.644360641500584,-1.49295224263872,0.199922385743884
"224",2.3540623587748,1.26067346213166,-0.902316772113008,0.321030113664697
"225",2.33939186371265,0.463586637041918,-0.807015135497396,0.343675669781259
"226",2.40276471565202,2.6168622586299,-0.627394278218202,0.388083278175774
"227",-2.71039558063806,4.33110471181123,0.299679051703846,0.624084355762416
"228",-2.58950202452477,4.90760096885365,-0.291868984633338,0.474749227787839
"229",-1.60630502050309,2.41300796638024,-0.594001144251706,0.39654261162858
"230",-2.02860255713055,0.644461352207356,-0.121052803418423,0.519246310409061
"231",-1.90091469889873,4.928066341939,-0.213293924627883,0.495264654296798
"232",-2.15223558680535,0.682240347692196,-0.546705985962453,0.408610504357549
"233",-1.50632110610316,3.56263138165337,-0.529183072236928,0.413104852277496
"234",-1.95074032231308,0.382677227301923,-0.514780185630864,0.416807461044157
"235",3.04928310941818,7.37661871009502,0.149626378431945,0.587889371167213
"236",2.65650604248249,5.83283228008254,0.398818051802033,0.647017822528944
"237",2.98811648862291,0.591952565395765,0.857296957143582,0.740569354719217
"238",-1.07419406344303,2.96376231179554,0.310190504129184,0.626555443450677
"239",-2.86355526375935,0.634497537622793,0.82135558249807,0.734043474652927
"240",-2.95998169932458,3.43000428284991,0.302633283803466,0.6247797648998
"241",-2.45568124212346,0.680713748757341,0.662912161587532,0.703590801679727
"242",-2.31104020119782,2.45379526698415,0.638504823146249,0.69865957391829
"243",-1.07545101143424,3.83408105600009,0.0144641091684705,0.554036958690022
"244",-1.69461506075359,0.591764666657856,0.254835532045125,0.613442839283484
"245",-1.82638514653515,5.53883951748479,0.690225448024931,0.709034064254965
"246",3.12044386280634,2.01884345056233,0.731414157186047,0.717091112865443
"247",-3.06713659823051,2.24803845726091,0.488533725284215,0.66700873251103
"248",3.13406269678258,2.12739590296532,0.666820207492234,0.704374513029047
"249",-1.17616715583164,0.611158265139938,1.06278128977621,0.775140201785661
"250",-1.34282337736649,7.99916851205121,0.957459970859585,0.758002750513194
"251",-1.32092173529233,2.80544888735084,1.50415961577422,0.83419664037319
"252",-1.49894068439325,13.1015646359462,1.39221792741717,0.821081251324907
"253",-1.53490260036283,3.12133146879853,0.996138099320845,0.764438006561005
"254",-1.56332813146316,3.4910672151609,-0.635283884290967,0.386092724635523
"255",-2.03388282827504,1.71039962218313,-1.63127681038521,0.176960372078975
"256",-3.02041632857804,1.95128453220956,-2.09402151044246,0.11490662918508
"257",1.71777055674723,0.728097578454262,-2.70705322059119,0.0622368019452422
"258",0.56940988799025,0.392127385220148,-3.42158838960923,0.0294080845417415
"259",0.376692761028363,0.551159735149326,-3.36101099902636,0.0313675523894548
"260",2.08460744410746,0.254451734554046,-3.72587514805002,0.0212296511339232
"261",2.21772804904642,0.369370840286234,-3.20543611810613,0.0369942483437405
"262",-2.00425903414225,0.424184791211627,-2.84734410646908,0.0538412070571566
"263",0.242048873621433,0.264332802288683,-2.79507743224633,0.0568368074920175
"264",-2.08938072928824,0.234699846385531,-2.51091936476288,0.0760234778407229
"265",0.941464146869237,0.238157448034142,-2.69028850809542,0.0633179644449407
"266",1.64895981301784,0.77704303971596,-2.13128063312743,0.110830696648488
"267",-1.29284814424601,0.644620766728126,-2.01548322767174,0.123922572643143
"268",0.711642080691982,2.61855636212046,-1.98871789713244,0.127129819154951
"269",-2.36377342842269,4.23329278026621,-1.55416563938174,0.189500740880902
"270",-2.45232897412233,3.15997892756202,-1.07893516466034,0.281118884906287
"271",-0.482030586943057,1.65173640535221,-1.47484056799105,0.203085344053328
"272",1.85259760442352,0.401107655903172,-2.25320048350472,0.0983608070896522
"273",0.544965305158113,0.696382745056186,-2.17242898931842,0.106475703002253
"274",-1.77516893756304,0.708645983317933,-2.53281854099429,0.0743556471424277
"275",-2.99375467584176,1.10944115249808,-2.20545521962101,0.103089200164096
"276",-2.9843249487472,2.51578587977573,-1.84563632942916,0.14548089244965
"277",-1.18691001721208,1.91797114236351,-1.10522633209363,0.275428625636482
"278",-2.34923290924313,0.242054744155034,-0.631211696771556,0.387119741411107
"279",2.62459692453965,3.8520909055186,-0.948751416632894,0.310265146000572
"280",-1.64977569998566,2.61185413869698,-0.773234818965619,0.351867348504432
"281",-1.33908156500213,2.74592894206657,-0.0538179698558722,0.536591346820834
"282",-1.12859437505722,3.02179602218801,0.470160546555549,0.662976730459216
"283",-1.39724414935294,10.2547877604154,0.823936695045648,0.734516874100427
"284",-1.80359701121499,1.66593886628025,0.0890205846816088,0.57283674741527
"285",-1.5771841732172,2.59312179671237,-0.0976163285260244,0.525308347956446
"286",-2.32480537525829,3.1010984884843,0.360014364630963,0.638142613365058
"287",-1.99902167184795,3.86944076238217,0.318700743828291,0.628549415006162
"288",-2.12726764941911,5.85396134619647,0.552456117074408,0.680778344379016
"289",-1.9509768761665,2.25500563091261,0.700860254529609,0.711131876892094
"290",-0.859173218687484,0.706458361715887,0.431451879674963,0.654376678990093
"291",-0.84885742259317,2.96672955264943,0.685969571140577,0.708191154169776
"292",-0.839547177869822,0.973798158408361,-0.622917106992328,0.389214283169443
"293",-0.594031290804791,1.00707912387258,-0.724891529261414,0.363727287983285
"294",2.01854504653772,1.47593284025317,0.345071389749738,0.63468960394073
"295",2.95908629544456,1.60164707637169,0.39838824084177,0.646920252358189
"296",-2.42446124344521,1.92441636374275,-0.616476154659259,0.390843132839578
"297",-2.56391573799895,0.82604119210766,-1.10924558942954,0.274564756432841
"298",-2.83782334373874,1.23329405908568,-0.526646890798955,0.413756297403176
"299",-2.506590397757,2.10515454099273,-1.00635974339531,0.297173405271706
"300",0.469992469598579,2.39302372094458,-0.716952786709528,0.365689464362216
"301",-1.29469718053436,2.51161365493317,-0.256712978517405,0.483932681117864
"302",-2.12045558162343,0.41538885021245,-0.123932738496504,0.518500346316547
"303",-2.52803968069144,1.87684016326948,-0.142134757228421,0.513780781363066
"304",-2.13023755305894,0.799145368441176,0.187266208748606,0.597120618206015
"305",-1.20239314717516,5.0127053103809,-0.0845772618204845,0.528673978432836
"306",-0.7486866599074,14.8464651234605,1.14959918832492,0.788356768476535
"307",-1.98033906397377,2.43565171922713,0.666785167413072,0.704367493382226
"308",-2.21388378852897,3.42250059004135,0.417265341376913,0.651189659401434
"309",-2.32190454475848,7.43362195419967,0.879616069661996,0.744550058437139
"310",-2.32377502450004,2.64954742177501,0.443900765760502,0.65715791494507
"311",-2.7481428432945,2.75005259994639,0.829215377191858,0.735482747225281
"312",-3.13966714033301,2.85851777020179,0.332634622434569,0.631801124168341
"313",2.93432324266115,1.0573756026067,0.00800843784740102,0.552396147119935
"314",-3.06293294116561,2.21714695406127,0.204852043030164,0.601400465609336
"315",-2.25946407780526,1.61486906313177,0.414783709878459,0.650630250787794
"316",1.93708138097478,7.95588814788673,0.774900591779232,0.725398021985707
"317",2.32000008435578,3.2201162374056,1.41913920466074,0.824345441568169
"318",2.28490182840682,9.00871283438711,2.01101324729987,0.8800445922335
"319",2.52604189050403,2.47301825052634,1.34985127351314,0.815799815441197
"320",0.918395042039852,6.73236790382805,1.45330572386162,0.828386971523135
"321",0.865753396412584,8.3734070958981,1.4757608866273,0.830982373067144
"322",1.82294948781474,2.06068838225593,1.44583815249491,0.827513218995347
"323",1.79163311355634,3.62645866922352,1.1664438902789,0.790827093678584
"324",1.85512663136764,1.22927204373274,1.01043221598626,0.76677454684259
"325",1.74305500670034,8.87107292901514,1.48305307303123,0.83181494964276
"326",0.590082857353831,1.77505439637341,0.662179521750963,0.703443698899717
"327",0.647405502900678,0.422619265960544,0.966838987870421,0.759578385603522
"328",0.825571966809043,1.17884321131758,0.281289521804611,0.619739711682056
"329",1.09502445888404,1.95219832321232,-0.0382723562656452,0.540579835729101
"330",0.440895728276796,2.46582289191277,-0.68794394186904,0.372892510700899
"331",2.56254011955606,3.21918496199424,-0.579958137373676,0.400115743092437
"332",2.90331357356682,2.47402593854399,-0.317601561442551,0.468027093017273
"333",-0.00643422677708605,2.42272242536668,0.340835272782602,0.633707231395994
"334",1.18360493563359,3.27414535791049,-0.308666613796417,0.47036099464534
"335",2.31422200998436,2.20108492848462,-0.0064219091951021,0.548721632814666
"336",1.73588290452493,0.36025447013769,-0.227349565495941,0.491598165338188
"337",-1.21728553765157,2.21771582659488,-0.706743342822309,0.368218671065457
"338",-1.64286927836262,0.431867011507148,-1.22057414480012,0.251289365659746
"339",0.750252279224586,1.30990160202466,-1.40998053609857,0.214709685762779
"340",-2.58811208118805,1.5355211215007,-1.7161136266704,0.1639139066614
"341",1.51742756553177,1.1033320782501,-0.795872048979662,0.346368812807364
"342",1.79589369568954,1.84609071451528,-1.33190716513653,0.229316333030845
"343",-2.31194044587377,2.10189726422505,-0.626117510612715,0.388405706776109
"344",-0.683630580277697,2.79442603553521,-0.57499720651101,0.401380115341323
"345",-1.76343920188675,3.42572621670452,0.430719567932141,0.65421262091148
"346",-1.72404190515121,6.04500935719385,0.352245425959354,0.636349780798422
"347",-1.7854501049235,2.41220206031618,0.896947140676563,0.74760314040195
"348",-1.21787893818623,4.32836947864517,0.828110958426132,0.735280918856627
"349",1.10214781077738,4.24239804203558,1.67070473202087,0.851573453002928
"350",1.70962543703601,6.32528233976622,0.942752888082446,0.755512460345621
"351",1.81820850971683,1.73682786178674,0.799448514964287,0.729996006726791
"352",1.66350147766225,4.16054961110187,0.622025255683231,0.695294548508626
"353",0.89774432804901,5.26745877215082,0.458641251003052,0.660432275167779
"354",0.594292693784702,6.63617154608513,1.20646520644536,0.796575294406745
"355",0.915184656611555,1.06758646757384,0.885757539884826,0.745635753941023
"356",0.0332708357381404,12.001699761076,1.34438237315672,0.815105042732441
"357",0.615453378092141,4.9517126149223,0.422855292416423,0.652447668689669
"358",-2.3912071683595,3.12064590924589,0.513502213651002,0.67243541699856
"359",-2.37092123591756,2.68577811942118,1.15722182002093,0.78947840543517
"360",-2.32841855908761,7.51536688084951,0.762892574700599,0.723124816813731
"361",-2.25092441932849,8.55662261047477,1.3026352389689,0.809702145403257
"362",-2.23489007792524,5.85101482888563,1.63287680289494,0.847841163025161
"363",-2.34321544003138,4.99319997689231,1.60654804108726,0.845170470517192
"364",-2.48628978639505,10.5943069762748,1.10636726322898,0.781877332745695
"365",1.0095338918702,8.98554274933058,0.398983406089183,0.647055354689111
"366",2.53432329273768,0.347830201342566,0.0412931927903702,0.560834812911018
"367",1.47335527122953,0.831659854341364,-0.809660044838895,0.343037760800664
"368",1.57246179319683,1.19616879118346,-1.9849703548613,0.127584440497759
"369",1.8914517577121,0.803290409378999,-2.09723847108624,0.114549675095765
"370",-0.325535924586501,0.84973923929767,-1.23237028268785,0.248898532312533
"371",0.592865084696196,0.562433293314609,-2.13535412597437,0.110392771757434
"372",0.638558798399925,0.943431888307064,-2.04713265508676,0.120219085103456
"373",-1.43512051160403,0.244651096506265,-1.70541818539035,0.16551576846636
"374",-0.932829732262639,1.44702237898884,-1.64835996275058,0.174270390162169
"375",1.59461516689948,1.3917008317856,-2.14682230569486,0.109167938305443
"376",2.82883489710528,4.23186965105203,-2.00034203531412,0.125728380752631
"377",-2.12464929377123,1.98040385854285,-1.95626353994606,0.131112622573156
"378",-1.98153143144637,1.60399710710972,-1.04811907070864,0.287874402880674
"379",-2.23608332168578,2.14138885948053,-0.958853346128432,0.307947933192376
"380",0.62767208097016,1.17278436671622,-0.607164933524613,0.393201450464629
"381",2.16911813542555,0.762558204704857,0.0614770420645883,0.565925236050054
"382",2.48052523670127,3.42533485846531,-0.634038399164391,0.386406748432689
"383",2.06485823290212,2.81496065737164,-0.351156127864232,0.459266219663663
"384",3.09431878355193,3.04736485427438,-0.474581091565412,0.427178252266677
"385",-2.85068734563319,1.12803457849376,-1.3426508316768,0.22726672453202
"386",1.0427039910694,0.369551726740929,-2.35735525870724,0.0887074149909056
"387",-0.550871063019491,1.30121690458296,-1.8717042950251,0.141983125744515
"388",0.307638713541538,0.243777206284929,-1.84348657641916,0.145772471375973
"389",2.89327472834577,4.87811065122814,-1.62712767665798,0.177618523513288
"390",-1.49908762427389,0.345725787835701,-2.19468865073862,0.104182679070304
"391",-2.39679438751246,0.919185391843794,-1.85559458763839,0.144136446161878
"392",-2.13712575988898,2.15152590890129,-1.94335430936991,0.13272575094823
"393",-1.37026179571532,2.35432293994566,-1.24126031929931,0.247106430106972
"394",-1.25065984558546,1.92636408722147,-1.03923739493073,0.289838398555177
"395",-3.02409144504425,5.25248326496886,-0.312566396638724,0.469342296455305
"396",0.620195764980162,1.58958403257094,0.712215755745715,0.713358423574414
"397",0.790492060241555,4.97387514911956,0.219275254845059,0.604894255002939
"398",0.339764627166219,2.28252450465936,-0.172433091753907,0.505908121243819
"399",-0.30027614820971,3.21344062524552,-0.0606984368705913,0.534823187859214
"400",-3.04490288252987,0.987228927742187,-0.608941079104505,0.392751268954046
"401",-0.461549555357311,2.42022776739348,-0.327498025048025,0.465442431103669
"402",-1.05681450449749,2.53319243991442,-1.24670158824055,0.246013686005904
"403",-1.55032785289794,0.906293043188679,-1.57303574975063,0.18637151439207
"404",-0.991278464852674,4.40464311011702,-1.57348640031527,0.186297262890302
"405",-0.62433119008293,0.89418030244761,-1.64673105119551,0.17452551153637
"406",-0.0256554752363796,0.27831162788087,-1.9068805830683,0.13737343647133
"407",-0.552190100179826,0.526722729324305,-2.25482036183931,0.0982037988698845
"408",-0.590851105857322,1.04225226785977,-2.42651755285918,0.0827752317589577
"409",-1.54293375729275,0.354111382817256,-2.98251909238209,0.0467684104996711
"410",-2.11535050223352,3.01231103176639,-1.97205089376763,0.129162262938794
"411",-0.84899339936572,0.293368031605161,-2.95198597396627,0.0482846783064893
"412",-1.21697423599889,0.622685997791522,-2.45481755361879,0.0804529936980177
"413",-1.18529185280332,0.687273393002549,-2.42398802124256,0.0829857259880784
"414",2.98253374892511,0.0711987756239626,-2.26218689705193,0.0974925846920645
"415",-2.75764100130804,0.41721883225707,-1.77554570337759,0.155235792456911
"416",-1.46620858140407,2.53569373360221,-1.35748226926085,0.224457975708466
"417",1.18177500944411,2.44058929056882,-0.97725136446932,0.303751018738475
"418",2.60041098123517,1.53841759958776,-1.3583344433059,0.224297323162191
"419",-1.33330246805097,1.08415847585318,-1.86644673493337,0.142682952621308
"420",-1.13592313235224,2.72759857325185,-1.57710365125347,0.185702076304446
"421",-1.68577339015395,1.0646803337613,-1.08806782852692,0.279134561874079
"422",-1.27869918971954,3.97396784530538,-0.831810614680046,0.337715835755728
"423",-1.53487473908801,0.630882169345164,-1.24144571198973,0.24706914683175
"424",2.18402580315546,1.52592435025648,-0.848798976136007,0.333659431792845
"425",-0.204380511988688,2.10635055520871,0.270200641062436,0.617106868859587
"426",-0.00401890221483736,6.03914904490789,0.918027987331829,0.751272011268496
"427",-0.376220969947799,2.03161872009252,1.06006612699659,0.774713676426148
"428",-0.888572372971694,6.06114477876687,0.938045785669511,0.754710376695333
"429",-0.988720614033634,1.42782716890118,0.745613000465804,0.719826057382727
"430",-1.25919355876315,3.22571429919389,-0.120664714186006,0.519346816980223
"431",-0.164896009243519,5.19159556397582,-0.19846185483118,0.499131048565443
"432",-1.91469738262569,6.2879897383096,-0.168669325636814,0.506887108582443
"433",-1.47335323338464,3.01388479092361,0.316114085046074,0.627943988611045
"434",-1.64050289718763,8.52462733759509,0.494044108101723,0.668211612633426
"435",-1.52678263552799,1.12517307038169,-0.384769433256065,0.450500744822163
"436",-2.14908538728975,5.57402093611068,0.287406485893407,0.621187896735867
"437",-1.80800638089436,4.2788173286985,0.202604319239395,0.600854650871123
"438",-1.80002770468761,0.978856624898439,-0.42149896562478,0.440941940757289
"439",-2.72379869856601,2.59948149499557,-0.663596603629452,0.378976477858554
"440",1.90493000672385,5.68427679214546,-0.685024299546899,0.373620271514882
"441",-0.330661626732569,2.08051084988413,-1.21548799236441,0.252324749384246
"442",-2.10484157608314,0.759106256849888,-0.623044658117438,0.389182047730845
"443",1.19956799927927,4.4382620525809,-0.196203824407226,0.499719399112132
"444",1.36248671381767,2.9193170536039,-0.681599094207316,0.374474686707446
"445",2.52122762459911,3.2061238276849,-0.544720006455788,0.409119283535367
"446",-3.11606253726654,1.21860817360833,-1.35724277908654,0.224503138893914
"447",-0.331716329225162,1.6453827067209,-1.71254584452855,0.164446887073827
"448",1.43954965993584,1.62652826150153,-1.13824483899204,0.268379828282311
"449",2.4423374996516,0.69701663661711,-0.722503971192955,0.364316989107054
"450",-2.85570589488163,0.188759143110952,-0.957912338769046,0.308163404109189
"451",-2.75487891103304,1.19857617880696,0.156422312853575,0.589563032169043
"452",-1.53484166836191,4.84751603185214,0.153358257568398,0.588808806353863
"453",-1.6574347695538,3.52401073189483,0.0212266983265144,0.555753699667484
"454",-1.35787493625576,7.59733866426107,0.0475191066510847,0.5624072409854
"455",-2.06901741872033,6.48795816740868,-0.0441306071307043,0.539077877523365
"456",-2.0268061815043,4.30328665687039,0.646162789869127,0.700213561365883
"457",-1.85573942141852,9.65515522872976,1.08199921618636,0.778136181325524
"458",-2.20273496299278,3.32273355300561,0.617380778280272,0.694341034960466
"459",-1.41400462623694,1.74738510986642,1.03934597619886,0.771432221411684
"460",-1.45347066988178,2.35816371233987,0.278021749118044,0.618964850256087
"461",-1.79442317921377,4.14981399611336,0.570407850689088,0.684571699280247
"462",-1.6704185566435,3.38046538522167,0.212911770253555,0.603354648241303
"463",-1.76837994437422,1.82587483769666,0.263945480802705,0.615617445195166
"464",-1.55967605303086,1.71261631320447,-0.0236128369209486,0.544332375542197
"465",-1.67763118018679,1.43881260794655,-0.616115115279218,0.390934496833659
"466",-1.40824756668373,2.15133085740719,-1.09554459488386,0.277516132762569
"467",-0.115150103161141,4.96547642665653,-0.817914559100314,0.341050230291841
"468",-0.399508077366439,2.21034499265245,-0.599707542117739,0.395093243605891
"469",2.64240745329966,0.157116557778407,-0.378212049097721,0.452209614625635
"470",0.189156144438385,4.86993359658955,0.226938623716415,0.606744450462307
"471",0.333522079230469,6.53816034006953,1.00500200372572,0.765889562558908
"472",0.341661006409455,9.02414011455957,0.685822087515353,0.708161909086659
"473",0.940410799038786,8.87189774167039,0.617921008397266,0.694452060306341
"474",1.20237227718584,3.22770231706419,1.10748965558961,0.782048100335764
"475",1.62396426305285,7.31902745749194,1.47528412002884,0.830927764177614
"476",1.66816892657166,4.77512565084322,0.596122324694659,0.689947987865333
"477",1.28746202805265,5.95266776591616,0.745601360955969,0.719823824381689
"478",-2.41963229130568,2.64452861869195,1.41508411377899,0.823858284060232
"479",-2.36064275740053,5.42423942070093,1.92601628102379,0.873738850775184
"480",-2.47859422433543,10.9175617313739,1.44801652375135,0.827768653139264
"481",-2.58993738748224,11.6134769818635,1.11226096448884,0.782772516141463
"482",-2.15724364400532,8.94555166561499,1.36153630548875,0.817274271400785
"483",-2.20392209907033,2.06133706951583,1.39431240181776,0.821337748039594
"484",-2.49802267173396,5.194224285027,0.615232389084519,0.693899207477282
"485",-2.29920142253374,2.84815380461072,0.140643190222875,0.585672486078347
"486",2.9648890916686,3.35905563860197,-0.289026902390488,0.475491721574834
"487",2.42323433062508,0.166073011521464,-0.403797096120588,0.445545847204679
"488",2.47312322524636,3.55113249591777,-0.212754485429406,0.495405324501186
"489",1.60773968670841,1.29410254357813,-0.812044583098748,0.342463090808228
"490",-2.46734286725982,3.088924430531,-0.265641028308644,0.4816008563996
"491",-2.37898367442477,1.11063799060005,0.978311290987527,0.761492483481028
"492",-0.217252849590361,0.91680047662999,1.017035230128,0.767846300943338
"493",0.0174334938092793,3.01373109418939,1.21505040602998,0.797786317134973
"494",-0.155693849296621,3.11779386443207,1.54008163294373,0.838155072317561
"495",-0.791077013887223,10.9617353102368,1.20846440501282,0.796857993098494
"496",-0.761799738234032,3.3697067232399,0.955174062144059,0.757617255327169
"497",-1.03250191783781,3.56040435933971,0.3132865364007,0.627281545398228
"498",-1.04087780409853,3.69764514534132,0.406995835723249,0.648871048138803
"499",-2.64161351741762,0.20998918208103,0.381130259740548,0.642988843426261
"500",-2.75212010062037,1.83140081335247,0.38776601997226,0.644503643205066
"501",-1.47143050259805,0.489867856031063,0.340750138363237,0.633687472668199
"502",-0.287715851034346,4.00587155683541,-0.726359020478725,0.36336501332545
"503",-1.11377550206597,0.824950420734127,0.101687822882442,0.576001075280265
"504",-0.736129859106245,6.73568146189281,0.916445524301429,0.750998308812833
"505",-0.94031361739078,5.30870705166633,1.44978692368725,0.827975914312944
"506",-0.455258124013943,1.38746382183649,0.7962246675225,0.729395928674855
"507",-0.568762738382442,3.44488858939249,0.143856278958467,0.586466008781779
"508",-3.10976029788441,7.47746071739176,-0.130003404395841,0.516927210875427
"509",2.19486151594639,3.02535533282145,0.303654457233658,0.62501997770122
"510",-1.77290980876411,1.30149814513659,-0.455989030733356,0.431990983069748
"511",-1.15023442543504,2.63492090698066,-0.171935415784318,0.506037586277122
"512",-0.950391788775643,4.78756484854088,-0.342355319657474,0.461563258505903
"513",-1.66137919899797,1.76683345271861,-0.413123622449331,0.443119454027656
"514",-1.72818878343962,1.56849201332686,-0.792289295689429,0.347236628865551
"515",-2.228082698782,2.93602270986424,-0.569038328339109,0.402900243095618
"516",-0.850982998674803,4.16848093948057,-0.241736419796028,0.487843229171745
"517",0.407043227532832,0.409800642161522,-1.15986938158899,0.26382316548827
"518",1.50553963720898,1.66273886701837,-0.727223889712861,0.363151570276568
"519",1.00199591680899,0.325146740368482,-0.895809928879032,0.322553174626651
"520",-0.559720536824167,0.796866847928797,-0.5515193715121,0.40737803139137
"521",0.0944917863850412,0.938175922191328,-0.0438671325031187,0.539145456314509
"522",0.835464603608502,3.24039067499234,0.464855092943412,0.661806402553686
"523",-0.381429256745279,7.32805501943974,1.17900286677617,0.792649214197846
"524",-0.397368167613465,11.7040585645062,1.32930179760003,0.813173638590563
"525",-0.673471392489605,7.15152956983003,1.21273295519826,0.797460183208494
"526",-0.720659014729192,2.59023974522793,2.17415803615097,0.890820837938003
"527",-0.0476105269866962,2.57747122791244,1.07152582994588,0.776508419267105
"528",-0.839254042733852,7.97218588920987,1.11279231914284,0.782853038141052
"529",-0.49857026413843,9.67586937733936,1.07531576473776,0.777098824933709
"530",-0.560611006281508,1.969210951202,1.35709863421555,0.816715915940941
"531",-0.419155314404152,3.35658545505391,0.765809867772256,0.723678530397697
"532",1.6613685606577,4.68726488668448,0.423845496442139,0.652670211934472
"533",0.923548463557687,2.13102397289101,0.0540464137258151,0.564053662415102
"534",1.33690500915127,3.85163768337258,0.240802283391778,0.610080591885705
"535",2.09433223885277,6.19440956412707,1.21059370459874,0.797158625941688
"536",1.99864510356808,5.52447491115406,0.013060205441471,0.553680297782473
"537",2.96251889666618,1.75679548990442,0.740437843571857,0.718831768109716
"538",2.43667713166884,11.1274004548044,1.01802586712844,0.768006680871189
"539",3.00868797974809,4.14338391820246,1.22387851668119,0.799023526262
"540",-3.05336745381038,1.49553189346568,0.968786283064653,0.759904305570896
"541",-2.96334956788411,14.1076928806833,1.45452007466362,0.828528554421345
"542",-3.03477809526041,2.20337244251838,1.36691654603459,0.817948593511027
"543",-2.45465923877578,18.163222899886,2.00094478723816,0.879323469344672
"544",-1.91518518095587,6.45660057401059,1.86590668365546,0.868970608234443
"545",-1.71393623675813,0.629965086154323,1.03593793412167,0.770887991120781
"546",-1.76452879643845,4.22465803996253,1.44309700903048,0.82719114855635
"547",-1.90354048031878,8.48281875208579,1.5494615801868,0.839169209539576
"548",-1.70138054046012,4.93367544932547,1.27864119230481,0.80651662198501
"549",-2.98987574416582,2.41629154703827,2.06608923415822,0.88387065625634
"550",-2.90405208972327,5.2598671121533,1.95456320676397,0.875912510550534
"551",-2.71757327116054,1.42091715588633,1.3553681071278,0.816497645898479
"552",-2.15127219234467,0.41316593330968,1.19262100768359,0.794606070353346
"553",0.0881914458705699,0.769321008885374,0.488762374546994,0.667058703893039
"554",0.270669458515103,10.8145850101943,0.649698391766274,0.700928931876644
"555",-2.09584800631057,1.10072108039372,0.67365752610372,0.705741744295215
"556",-1.79194035561135,1.20021319272899,0.00218658710362873,0.550914801040465
"557",-0.166742137250732,0.837498557131772,-0.747011362573289,0.358281394208784
"558",2.28207214985364,0.346927687483706,-0.940200793115891,0.312233510717722
"559",-3.03839909107228,2.4739731270305,-0.227740406629424,0.491496182005495
"560",-0.397326508095322,1.36996495014529,-0.128710600824608,0.517262303280245
"561",-1.32996033660921,3.65987264795455,0.05822371313552,0.565106167590236
"562",-1.37985241892899,2.79247232608874,-1.00475518966245,0.29753396275978
"563",-1.12155066881287,1.58002158648611,-0.564337602816499,0.404100481509063
"564",0.709560503334501,0.90428657202023,-0.135157931022319,0.515590751736797
"565",1.84712398232233,0.333351112402911,-0.162956919817848,0.508372431037099
"566",1.88850551530928,1.2034539654255,-0.229649910635604,0.490997907760924
"567",-1.97352154973408,1.8886841485997,-0.232180759688814,0.490337442909723
"568",-1.6139310091047,3.64753821930308,-0.0168737143167272,0.546054521943702
"569",-0.884044059274967,2.02008756455639,0.0449477681001598,0.5617580572271
"570",-1.68856130532181,0.277955013612146,0.823032063281811,0.734351039940933
"571",-1.60709901197602,5.33885673197157,0.423232706497966,0.652532501242873
"572",-1.35026880823,3.30371995405034,0.828674896144281,0.735383993143494
"573",-0.925763751627612,0.620461061880016,0.502618466234274,0.670077443662543
"574",-1.47043566125034,2.05737590846041,0.604351473756284,0.691654105762786
"575",-1.72896705439487,2.11240146956658,0.471175620903201,0.663200337945048
"576",-0.228626456878185,3.0044180349995,0.121991330735672,0.581053336544833
"577",-0.206642990870015,5.04467507284558,0.502785236102079,0.670113662390898
"578",-0.615797670010424,9.29580112956766,0.854259476061161,0.740023352939604
"579",-0.617161023348134,5.75865269433618,0.910174609025393,0.749910969148449
"580",-0.162133572256931,1.4594851690138,1.03475508827446,0.770698805036961
"581",-0.43183670316061,5.66941869180642,0.963509723414103,0.75902019512328
"582",-0.94315476961046,1.64076941114439,0.0470940648404282,0.562299954265849
"583",-1.2122140015103,1.68442315278378,0.0726235952625061,0.568727246255758
"584",-1.33647971545894,2.33482255307493,-0.586911938941824,0.398345290086222
"585",2.80833446429997,3.37805656450083,-0.237483088108768,0.488953527464615
"586",2.84645563126245,0.825556031172503,0.0521786657062558,0.563582773779795
"587",2.63979808435754,4.55133848184461,0.12334935349636,0.581390377918509
"588",0.923919620503577,7.04979263273708,0.690764686239359,0.709140726083605
"589",0.160944462702887,4.43403233373782,0.354363914269547,0.636839181507959
"590",0.849123117774727,2.88263124932536,0.370913066083753,0.640648833567768
"591",0.327615382175685,7.02677597330828,0.314494172753516,0.627564553610549
"592",-1.0792303447215,3.19992878403433,0.0812466050892391,0.570890255028121
"593",-1.79745100709496,0.553758512104881,0.644428932328181,0.699862261372433
"594",-1.91571009790649,2.72962779683541,0.189346167168563,0.597627940774436
"595",-0.0708064551102088,5.19194879054911,0.174135234684395,0.593910995831102
"596",-0.632731498298057,1.39355666244949,0.0908130650611398,0.573285074950628
"597",-1.02266376888514,2.2010701886315,0.158634406915387,0.590107164594617
"598",-0.440209774766937,5.64227070772106,0.147081449095886,0.587261853582171
"599",-2.93724611494766,7.1767270050621,-0.486895787529128,0.423995866130515
"600",3.02563006328244,2.9083290294902,-0.964395943872633,0.306680388497134
"601",-2.80864296007577,0.631881703182111,-0.361990084958081,0.456439545172854
"602",-1.45062147600142,0.22451211727614,-0.087912456937525,0.527813606795096
"603",-1.08248071755258,1.01625834941317,-0.771654604231059,0.352252524677262
"604",-2.07338030856649,0.560967893153519,-0.620157894448642,0.389911806375225
"605",0.0542538618111141,2.8632499694185,0.110370272090492,0.578164595319306
"606",-0.398850836549721,1.2973460309341,0.26078098884104,0.614862785783342
"607",1.99195233381593,6.40960675574838,-0.164368940430958,0.508005341595017
"608",-2.85123739697933,2.4292027486108,-0.74537041256138,0.358684296853995
"609",0.198313574202092,2.74045072752656,-0.117515010049027,0.520162372079659
"610",0.72783322496956,0.713837161740357,-0.554103709657423,0.406716690719959
"611",2.57268553543335,3.1385401238631,0.132350318758539,0.583621420411968
"612",2.83802640115689,15.6981896100048,0.592258677303085,0.689144535183564
"613",3.07502723895309,3.64272302247169,-0.374811068314864,0.453096153994142
"614",2.79391833558177,7.03565020047742,0.56887810359649,0.684249728821309
"615",-2.22314899146758,4.46968207216868,0.928601051982645,0.753093619237448
"616",-2.45474147817852,6.94370828404784,0.851202448071051,0.739472808839252
"617",-2.83353261086392,2.68287322271793,0.0790377171176446,0.570336565053494
"618",-2.43209336167356,3.49840919263045,0.659990642729703,0.703003866110031
"619",3.05416663717958,7.70684906666767,1.36361527116032,0.817535175842644
"620",2.43970537648168,6.35254850525449,1.55301204573603,0.839550990350982
"621",-2.87142824267195,6.84192825775685,0.803406280360105,0.730731133576654
"622",-3.01462672494924,7.18123794262041,0.593609377708719,0.68942559118209
"623",2.2034746743533,0.975763547923319,0.0948472114496015,0.574293408329761
"624",0.630173954691815,0.607202478460002,-0.19254074228807,0.500673686230286
"625",1.34218027419009,11.0088679572206,0.442726853735589,0.656896268192203
"626",0.592139088192671,8.46317791051434,1.45530936236585,0.828620503159557
"627",0.818832086705983,3.94407398117812,1.85938972522835,0.868437699472299
"628",1.09848919163835,1.6500208445471,1.5808134387224,0.84250114096418
"629",2.40730002648592,0.386754758154474,1.19015539162953,0.794253231303597
"630",2.87781082258916,3.54594610955165,0.693130043835311,0.709608227607039
"631",3.04131234320949,4.67527257912142,0.402802353058923,0.647921491490968
"632",-2.15430831497137,5.17032200711882,0.452615526585525,0.659096241366781
"633",-2.1789771748484,2.83153534461379,0.474418874687102,0.663914120771496
"634",2.90880380417697,0.184149180170438,-0.352746153577475,0.458851293334446
"635",-3.0909706102585,1.23133459563942,-0.515543965479842,0.416610928512567
"636",2.53620791597123,0.527932468195306,-1.2673747964492,0.24189073839982
"637",-1.81750404883035,1.72002205551002,-0.712512865191738,0.366788581046132
"638",-1.88650635290471,1.72776162291529,-0.898415232816572,0.32194292749397
"639",-1.59028366688655,2.40795908597695,-0.504411110493403,0.41947756072856
"640",-1.31821860646759,1.94304061956664,-1.17487189294011,0.260690010041434
"641",-2.6183776487047,2.38360382295124,-1.24696107780897,0.245961652560253
"642",2.60504922152221,1.08609388442743,-0.930789775817896,0.314407282513614
"643",1.45881488224968,10.0330768187345,0.00679388983495799,0.552087236954099
"644",-1.75840237347692,2.38832204562988,0.471129290917922,0.66319013421405
"645",-2.33153728245781,2.30528041732469,0.049272015583991,0.56284960298974
"646",-2.45844699408242,3.32508510374139,-0.0292803609115992,0.542882625274452
"647",-1.56868133199973,7.75715493345684,-0.59214565544956,0.397014212425983
"648",-1.1587638639661,0.933572404803105,0.166896173762117,0.592136552928073
"649",-1.18698933809325,4.77847508565047,0.238316510796634,0.609483471000586
"650",0.348400089222161,5.37100135505178,-0.0325024504451135,0.542057838264962
